-- MySQL dump 10.13  Distrib 8.0.32, for Win64 (x86_64)
--
-- Host: 127.0.0.1    Database: ssafytrip
-- ------------------------------------------------------
-- Server version	8.0.32

/*!40101 SET @OLD_CHARACTER_SET_CLIENT=@@CHARACTER_SET_CLIENT */;
/*!40101 SET @OLD_CHARACTER_SET_RESULTS=@@CHARACTER_SET_RESULTS */;
/*!40101 SET @OLD_COLLATION_CONNECTION=@@COLLATION_CONNECTION */;
/*!50503 SET NAMES utf8 */;
/*!40103 SET @OLD_TIME_ZONE=@@TIME_ZONE */;
/*!40103 SET TIME_ZONE='+00:00' */;
/*!40014 SET @OLD_UNIQUE_CHECKS=@@UNIQUE_CHECKS, UNIQUE_CHECKS=0 */;
/*!40014 SET @OLD_FOREIGN_KEY_CHECKS=@@FOREIGN_KEY_CHECKS, FOREIGN_KEY_CHECKS=0 */;
/*!40101 SET @OLD_SQL_MODE=@@SQL_MODE, SQL_MODE='NO_AUTO_VALUE_ON_ZERO' */;
/*!40111 SET @OLD_SQL_NOTES=@@SQL_NOTES, SQL_NOTES=0 */;

--
-- Table structure for table `accommodations`
--

DROP TABLE IF EXISTS `accommodations`;
/*!40101 SET @saved_cs_client     = @@character_set_client */;
/*!50503 SET character_set_client = utf8mb4 */;
CREATE TABLE `accommodations` (
  `id` int NOT NULL AUTO_INCREMENT,
  `name` varchar(45) NOT NULL,
  `description` varchar(45) NOT NULL,
  `address` varchar(45) NOT NULL,
  `phone_number_1` int NOT NULL,
  `phone_number_2` int NOT NULL,
  `phone_number_3` int NOT NULL,
  `email` varchar(45) DEFAULT NULL,
  PRIMARY KEY (`id`)
) ENGINE=InnoDB AUTO_INCREMENT=9 DEFAULT CHARSET=utf8mb3;
/*!40101 SET character_set_client = @saved_cs_client */;

--
-- Dumping data for table `accommodations`
--

LOCK TABLES `accommodations` WRITE;
/*!40000 ALTER TABLE `accommodations` DISABLE KEYS */;
INSERT INTO `accommodations` VALUES (1,'싸피트립','ssafyTrip_description2','싸피특별시 싸피구 싸피로',10,8765,4321,'ssafy@ssafy.co.kr'),(3,'가경재 [한국관광 품질인증/Korea Quality]','ssafyTrip_description1','경상북도 안동시 하회남촌길 69-5',54,855,8552,'-'),(4,'가락관광호텔','ssafyTrip_description2','서울특별시 송파구 송파대로28길 5 가락동',2,400,6641,'-'),(5,'가락청','ssafyTrip_description3','전라북도 전주시 완산구 한지길 68 풍남동3가',33,562,1665,'-'),(6,'가람나무','ssafyTrip_description4','경기도 파주시 소라지로327번길 126-21 송촌동',31,400,6641,'-'),(7,'가름게스트하우스','ssafyTrip_description5','제주특별자치도 서귀포시 법환하로9번길 10',64,658,7700,'-'),(8,'가람초연재[한국관광 품질인증/Korea Quality]','ssafyTrip_description6','경상북도 안동시 풍천면 하회종가길 76-6 풍천면',10,3849,7542,'-');
/*!40000 ALTER TABLE `accommodations` ENABLE KEYS */;
UNLOCK TABLES;

--
-- Table structure for table `accommodations_rating`
--

DROP TABLE IF EXISTS `accommodations_rating`;
/*!40101 SET @saved_cs_client     = @@character_set_client */;
/*!50503 SET character_set_client = utf8mb4 */;
CREATE TABLE `accommodations_rating` (
  `accommodations_id` int NOT NULL,
  `user_email` varchar(45) NOT NULL,
  `rating` int NOT NULL,
  PRIMARY KEY (`accommodations_id`,`user_email`),
  KEY `fk_accommodations_has_user_user1_idx` (`user_email`),
  KEY `fk_accommodations_has_user_accommodations1_idx` (`accommodations_id`),
  CONSTRAINT `fk_accommodations_has_user_accommodations1` FOREIGN KEY (`accommodations_id`) REFERENCES `accommodations` (`id`),
  CONSTRAINT `fk_accommodations_has_user_user1` FOREIGN KEY (`user_email`) REFERENCES `user` (`email`)
) ENGINE=InnoDB DEFAULT CHARSET=utf8mb3;
/*!40101 SET character_set_client = @saved_cs_client */;

--
-- Dumping data for table `accommodations_rating`
--

LOCK TABLES `accommodations_rating` WRITE;
/*!40000 ALTER TABLE `accommodations_rating` DISABLE KEYS */;
/*!40000 ALTER TABLE `accommodations_rating` ENABLE KEYS */;
UNLOCK TABLES;

--
-- Table structure for table `attractions`
--

DROP TABLE IF EXISTS `attractions`;
/*!40101 SET @saved_cs_client     = @@character_set_client */;
/*!50503 SET character_set_client = utf8mb4 */;
CREATE TABLE `attractions` (
  `id` int NOT NULL AUTO_INCREMENT,
  `name` varchar(45) NOT NULL,
  `description` varchar(45) NOT NULL,
  `phone_number_1` int NOT NULL,
  `phone_number_2` int NOT NULL,
  `phone_number_3` int NOT NULL,
  `business_hours` varchar(45) NOT NULL,
  PRIMARY KEY (`id`)
) ENGINE=InnoDB AUTO_INCREMENT=8 DEFAULT CHARSET=utf8mb3;
/*!40101 SET character_set_client = @saved_cs_client */;

--
-- Dumping data for table `attractions`
--

LOCK TABLES `attractions` WRITE;
/*!40000 ALTER TABLE `attractions` DISABLE KEYS */;
INSERT INTO `attractions` VALUES (1,'싸피트립','ssafyTrip_description',10,8765,4321,'09:00~18:00'),(3,'ssafyTrip1','ssafyTrip_description1',10,1111,1111,'10:00~15:00'),(4,'ssafyTrip2','ssafyTrip_description2',10,2222,2222,'11:00~16:00'),(5,'ssafyTrip3','ssafyTrip_description3',10,3333,3333,'12:00~17:00'),(6,'ssafyTrip4','ssafyTrip_description4',10,4444,4444,'13:00~18:00'),(7,'ssafyTrip5','ssafyTrip_description5',10,5555,5555,'14:00~19:00');
/*!40000 ALTER TABLE `attractions` ENABLE KEYS */;
UNLOCK TABLES;

--
-- Table structure for table `attractions_rating`
--

DROP TABLE IF EXISTS `attractions_rating`;
/*!40101 SET @saved_cs_client     = @@character_set_client */;
/*!50503 SET character_set_client = utf8mb4 */;
CREATE TABLE `attractions_rating` (
  `user_email` varchar(45) NOT NULL,
  `restaurants_id` int NOT NULL,
  `value` int NOT NULL,
  PRIMARY KEY (`user_email`,`restaurants_id`),
  KEY `fk_user_has_attractions_user1_idx` (`user_email`),
  KEY `fk_user_has_attractions_attractions1_idx` (`restaurants_id`),
  CONSTRAINT `fk_user_has_attractions_user1` FOREIGN KEY (`user_email`) REFERENCES `user` (`email`)
) ENGINE=InnoDB DEFAULT CHARSET=utf8mb3;
/*!40101 SET character_set_client = @saved_cs_client */;

--
-- Dumping data for table `attractions_rating`
--

LOCK TABLES `attractions_rating` WRITE;
/*!40000 ALTER TABLE `attractions_rating` DISABLE KEYS */;
/*!40000 ALTER TABLE `attractions_rating` ENABLE KEYS */;
UNLOCK TABLES;

--
-- Table structure for table `board`
--

DROP TABLE IF EXISTS `board`;
/*!40101 SET @saved_cs_client     = @@character_set_client */;
/*!50503 SET character_set_client = utf8mb4 */;
CREATE TABLE `board` (
  `id` int NOT NULL AUTO_INCREMENT,
  `user_email` varchar(45) NOT NULL,
  `title` varchar(45) NOT NULL,
  `content` text NOT NULL,
  `create_time` timestamp NOT NULL DEFAULT CURRENT_TIMESTAMP,
  `update_time` timestamp NOT NULL DEFAULT CURRENT_TIMESTAMP,
  `view_count` int NOT NULL DEFAULT '0',
  `board_category_id` int NOT NULL,
  PRIMARY KEY (`id`),
  KEY `fk_board_user1_idx` (`user_email`),
  KEY `fk_board_board_category1_idx` (`board_category_id`),
  CONSTRAINT `fk_board_board_category1` FOREIGN KEY (`board_category_id`) REFERENCES `board_category` (`id`) ON DELETE RESTRICT,
  CONSTRAINT `fk_board_user1` FOREIGN KEY (`user_email`) REFERENCES `user` (`email`) ON DELETE CASCADE
) ENGINE=InnoDB AUTO_INCREMENT=136 DEFAULT CHARSET=utf8mb3;
/*!40101 SET character_set_client = @saved_cs_client */;

--
-- Dumping data for table `board`
--

LOCK TABLES `board` WRITE;
/*!40000 ALTER TABLE `board` DISABLE KEYS */;
INSERT INTO `board` VALUES (5,'ssafy@gmail.com','제목 수정 테스트1','내용 테스트122','2023-05-04 05:06:58','2023-05-24 02:49:11',28,1),(16,'1@1','1@1 제목','1@1','2023-05-24 00:40:57','2023-05-24 00:40:57',0,1),(17,'2@2','2@2 제목','2@2','2023-05-24 00:40:57','2023-05-24 00:40:57',2,1),(18,'3@3','3@3 제목','3@3','2023-05-24 00:40:57','2023-05-24 00:40:57',1,2),(20,'5@5','5@5 제목','5@5','2023-05-24 00:40:57','2023-05-24 00:40:57',0,2),(22,'0@0','공지사항','공지사항 내용','2023-05-24 00:40:57','2023-05-24 00:40:57',4,0),(23,'ssafy@gmail.com','식당 등록','식당 등록','2023-05-24 01:31:40','2023-05-24 01:31:40',3,2),(25,'ssafy@gmail.com','관광지 제목','관광지 내용','2023-05-24 01:43:58','2023-05-24 01:43:58',0,1),(26,'0@0','EnjoyTrip 이용 관련 공지사항!!','안녕하세요, EnjoyTrip 이용자 여러분,\n\n저희 여행 계획 사이트를 이용해 주셔서 감사합니다. 여행을 계획하고 준비하는 데 도움을 드리기 위해 몇 가지 중요한 공지사항을 안내드리고자 합니다. 아래 내용을 꼭 참고하여 여행을 더욱 즐겁고 원활하게 계획해 보세요.\n\n정보의 정확성: 저희 사이트는 여행지에 대한 다양한 정보를 제공합니다. 하지만 여행 정보는 변동될 수 있으므로, 여행 계획을 세우거나 예약을 진행하기 전에 최신 정보를 확인해 주세요. 관광지 운영 시간, 요금, 예약정책 등이 변경될 수 있으니 사이트 내 공지사항이나 공식 웹사이트를 확인해 주시기 바랍니다.\n\n사용자 리뷰의 신뢰성: 저희 사이트에는 다양한 사용자 리뷰가 게시됩니다. 이는 다른 여행자들의 솔직한 의견이지만, 개인적인 경험과 선호도에 따라 다를 수 있습니다. 리뷰를 참고하되, 여러 리뷰를 종합적으로 판단하고 자신의 취향과 우선순위에 맞게 선택해 주세요.\n\n예약 및 결제 안전성: 저희 사이트에서 제공하는 예약 및 결제 시스템은 안전하게 운영되고 있습니다. 그러나 개인정보 보호를 위해 안전한 인터넷 연결을 사용하고, 신뢰할 수 있는 결제 방식을 선택해 주세요. 결제 시에는 반드시 사이트 내 안내에 따라 진행하시기 바랍니다.\n\n책임의 한계: 저희 사이트는 여행 정보 제공 및 예약 중개 역할을 수행합니다. 그러나 실제 여행은 여행자 본인의 책임 아래 이루어집니다. 여행 중 발생하는 사고, 문제, 예약 변경 등에 대해서는 해당 여행업체나 사이트 운영자가 직접 책임지지 않습니다. 이에 관련하여 사전에 알려진 여행사 또는 운영자의 정책을 확인하고, 본인의 여행 보험 등을 체크하여 적절한 대비를 취해 주시기 바랍니다.\n\n저희 여행 계획 사이트를 이용하시면서 어려움이나 질문이 있으시면 언제든지 문의해 주세요. 즐거운 여행 계획을 도와드릴 수 있도록 최선을 다하겠습니다.\n\n감사합니다.\n\n<b>EnjoyTrip 사이트 운영자 일동</b>','2023-05-24 02:06:58','2023-05-24 06:05:46',7,0),(27,'0@0','1','1','2023-05-24 02:40:00','2023-05-24 02:40:00',0,1),(28,'0@0','1','1','2023-05-24 02:44:48','2023-05-24 02:44:48',0,1),(29,'1@1','1@1 제목','1@1','2023-05-24 02:45:44','2023-05-24 02:45:44',0,1),(30,'1@1','1@1 제목','1@1','2023-05-24 02:45:55','2023-05-24 02:45:55',0,1),(31,'1@1','1@1 제목','1@1','2023-05-24 02:45:56','2023-05-24 02:45:56',1,1),(32,'1@1','1@1 제목','1@1','2023-05-24 02:45:57','2023-05-24 02:45:57',0,1),(33,'1@1','1@1 제목','1@1','2023-05-24 02:45:57','2023-05-24 02:45:57',0,1),(34,'1@1','1@1 제목','1@1','2023-05-24 02:45:57','2023-05-24 02:45:57',0,1),(35,'1@1','1@1 제목','1@1','2023-05-24 02:45:57','2023-05-24 02:45:57',0,1),(36,'1@1','1@1 제목','1@1','2023-05-24 02:45:57','2023-05-24 02:45:57',0,1),(37,'1@1','1@1 제목','1@1','2023-05-24 02:45:58','2023-05-24 02:45:58',0,1),(38,'1@1','1@1 제목','1@1','2023-05-24 02:45:58','2023-05-24 02:45:58',0,1),(39,'1@1','1@1 제목','1@1','2023-05-24 02:45:58','2023-05-24 02:45:58',0,1),(40,'1@1','1@1 제목','1@1','2023-05-24 02:45:58','2023-05-24 02:45:58',0,1),(41,'1@1','1@1 제목','1@1','2023-05-24 02:45:58','2023-05-24 02:45:58',0,1),(42,'1@1','1@1 제목','1@1','2023-05-24 02:45:58','2023-05-24 02:45:58',0,1),(43,'1@1','1@1 제목','1@1','2023-05-24 02:45:58','2023-05-24 02:45:58',0,1),(44,'2@2','2@2 제목','2@2','2023-05-24 02:46:09','2023-05-24 02:46:09',0,1),(45,'2@2','2@2 제목','2@2','2023-05-24 02:46:10','2023-05-24 02:46:10',0,1),(46,'0@0','공지사항','공지사항 내용','2023-05-24 02:46:24','2023-05-24 02:46:24',0,0),(47,'1@1','1@1 제목','1@1','2023-05-24 02:46:37','2023-05-24 02:46:37',0,1),(48,'1@1','1@1 제목','1@1','2023-05-24 02:46:37','2023-05-24 02:46:37',0,1),(49,'1@1','1@1 제목','1@1','2023-05-24 02:46:37','2023-05-24 02:46:37',0,1),(50,'1@1','1@1 제목','1@1','2023-05-24 02:46:37','2023-05-24 02:46:37',0,1),(51,'1@1','1@1 제목','1@1','2023-05-24 02:46:37','2023-05-24 02:46:37',0,1),(52,'1@1','1@1 제목','1@1','2023-05-24 02:46:37','2023-05-24 02:46:37',0,1),(53,'1@1','1@1 제목','1@1','2023-05-24 02:46:38','2023-05-24 02:46:38',0,1),(54,'1@1','1@1 제목','1@1','2023-05-24 02:46:38','2023-05-24 02:46:38',0,1),(55,'1@1','1@1 제목','1@1','2023-05-24 02:46:38','2023-05-24 02:46:38',0,1),(56,'1@1','1@1 제목','1@1','2023-05-24 02:46:38','2023-05-24 02:46:38',0,1),(57,'1@1','1@1 제목','1@1','2023-05-24 02:46:38','2023-05-24 02:46:38',1,1),(58,'1@1','1@1 제목','1@1','2023-05-24 02:46:38','2023-05-24 02:46:38',0,1),(59,'0@0','공지사항','공지사항 내용','2023-05-24 02:46:46','2023-05-24 02:46:46',0,0),(60,'1@1','1@1 제목','1@1','2023-05-24 02:46:54','2023-05-24 02:46:54',0,1),(61,'2@2','2@2 제목','2@2','2023-05-24 02:46:54','2023-05-24 02:46:54',0,1),(62,'3@3','3@3 제목','3@3','2023-05-24 02:46:54','2023-05-24 02:46:54',0,2),(64,'5@5','5@5 제목','5@5','2023-05-24 02:46:54','2023-05-24 02:46:54',0,2),(66,'0@0','공지사항','공지사항 내용','2023-05-24 02:46:54','2023-05-24 02:46:54',0,0),(67,'1@1','1@1 제목','1@1','2023-05-24 02:46:54','2023-05-24 02:46:54',0,1),(68,'2@2','2@2 제목','2@2','2023-05-24 02:46:54','2023-05-24 02:46:54',0,1),(69,'3@3','3@3 제목','3@3','2023-05-24 02:46:54','2023-05-24 02:46:54',0,2),(71,'5@5','5@5 제목','5@5','2023-05-24 02:46:54','2023-05-24 02:46:54',0,2),(73,'0@0','공지사항','공지사항 내용','2023-05-24 02:46:54','2023-05-24 02:46:54',0,0),(74,'1@1','1@1 제목','1@1','2023-05-24 02:46:55','2023-05-24 02:46:55',0,1),(75,'2@2','2@2 제목','2@2','2023-05-24 02:46:55','2023-05-24 02:46:55',0,1),(76,'3@3','3@3 제목','3@3','2023-05-24 02:46:55','2023-05-24 02:46:55',0,2),(78,'5@5','5@5 제목','5@5','2023-05-24 02:46:55','2023-05-24 02:46:55',0,2),(80,'0@0','공지사항','공지사항 내용','2023-05-24 02:46:55','2023-05-24 02:46:55',0,0),(81,'1@1','1@1 제목','1@1','2023-05-24 02:46:55','2023-05-24 02:46:55',0,1),(82,'2@2','2@2 제목','2@2','2023-05-24 02:46:55','2023-05-24 02:46:55',0,1),(83,'3@3','3@3 제목','3@3','2023-05-24 02:46:55','2023-05-24 02:46:55',0,2),(85,'5@5','5@5 제목','5@5','2023-05-24 02:46:55','2023-05-24 02:46:55',0,2),(87,'0@0','공지사항','공지사항 내용','2023-05-24 02:46:55','2023-05-24 02:46:55',0,0),(88,'1@1','1@1 제목','1@1','2023-05-24 02:46:55','2023-05-24 02:46:55',0,1),(89,'2@2','2@2 제목','2@2','2023-05-24 02:46:55','2023-05-24 02:46:55',0,1),(90,'3@3','3@3 제목','3@3','2023-05-24 02:46:55','2023-05-24 02:46:55',0,2),(92,'5@5','5@5 제목','5@5','2023-05-24 02:46:55','2023-05-24 02:46:55',0,2),(94,'0@0','공지사항','공지사항 내용','2023-05-24 02:46:55','2023-05-24 02:46:55',0,0),(95,'1@1','1@1 제목','1@1','2023-05-24 02:46:55','2023-05-24 02:46:55',0,1),(96,'2@2','2@2 제목','2@2','2023-05-24 02:46:55','2023-05-24 02:46:55',0,1),(97,'3@3','3@3 제목','3@3','2023-05-24 02:46:55','2023-05-24 02:46:55',0,2),(99,'5@5','5@5 제목','5@5','2023-05-24 02:46:55','2023-05-24 02:46:55',0,2),(101,'0@0','공지사항','공지사항 내용','2023-05-24 02:46:55','2023-05-24 02:46:55',0,0),(103,'2@2','2@2 제목','2@2','2023-05-24 02:46:55','2023-05-24 02:46:55',0,1),(104,'3@3','3@3 제목','3@3','2023-05-24 02:46:55','2023-05-24 02:46:55',0,2),(106,'5@5','5@5 제목','5@5','2023-05-24 02:46:55','2023-05-24 02:46:55',1,2),(108,'0@0','공지사항','공지사항 내용','2023-05-24 02:46:55','2023-05-24 02:46:55',0,0),(109,'1@1','1@1 제목','1@1','2023-05-24 02:46:56','2023-05-24 02:46:56',0,1),(110,'2@2','2@2 제목','2@2','2023-05-24 02:46:56','2023-05-24 02:46:56',0,1),(111,'3@3','3@3 제목','3@3','2023-05-24 02:46:56','2023-05-24 02:46:56',0,2),(113,'5@5','5@5 제목','5@5','2023-05-24 02:46:56','2023-05-24 02:46:56',0,2),(115,'0@0','공지사항','공지사항 내용','2023-05-24 02:46:56','2023-05-24 02:46:56',0,0),(116,'1@1','1@1 제목','1@1','2023-05-24 02:46:56','2023-05-24 02:46:56',0,1),(117,'2@2','2@2 제목','2@2','2023-05-24 02:46:56','2023-05-24 02:46:56',0,1),(118,'3@3','3@3 제목','3@3','2023-05-24 02:46:56','2023-05-24 02:46:56',0,2),(120,'5@5','5@5 제목','5@5','2023-05-24 02:46:56','2023-05-24 02:46:56',1,2),(122,'0@0','공지사항','공지사항 내용','2023-05-24 02:46:56','2023-05-24 02:46:56',1,0),(123,'1@1','1@1 제목','1@1','2023-05-24 02:46:56','2023-05-24 02:46:56',0,1),(124,'2@2','2@2 제목','2@2','2023-05-24 02:46:56','2023-05-24 02:46:56',1,1),(125,'3@3','3@3 제목','3@3','2023-05-24 02:46:56','2023-05-24 02:46:56',2,2),(127,'5@5','5@5 제목','5@5','2023-05-24 02:46:56','2023-05-24 02:46:56',2,2),(129,'0@0','공지사항','공지사항 내용','2023-05-24 02:46:56','2023-05-24 02:46:56',2,0),(130,'0@0','안녕하세요','안녕하세요\n\n저는 동해물과 백두산입니다.','2023-05-24 03:00:26','2023-05-24 03:00:26',2,1),(133,'1@1','123','123','2023-05-24 05:13:57','2023-05-24 05:13:57',1,2),(134,'0@0','Stared','Stared','2023-05-24 05:18:09','2023-05-24 08:42:30',8,3),(135,'0@0','숙소','숙소','2023-05-24 08:42:42','2023-05-24 08:42:42',1,3);
/*!40000 ALTER TABLE `board` ENABLE KEYS */;
UNLOCK TABLES;

--
-- Table structure for table `board_category`
--

DROP TABLE IF EXISTS `board_category`;
/*!40101 SET @saved_cs_client     = @@character_set_client */;
/*!50503 SET character_set_client = utf8mb4 */;
CREATE TABLE `board_category` (
  `id` int NOT NULL,
  `name` varchar(45) DEFAULT NULL,
  PRIMARY KEY (`id`)
) ENGINE=InnoDB DEFAULT CHARSET=utf8mb3;
/*!40101 SET character_set_client = @saved_cs_client */;

--
-- Dumping data for table `board_category`
--

LOCK TABLES `board_category` WRITE;
/*!40000 ALTER TABLE `board_category` DISABLE KEYS */;
INSERT INTO `board_category` VALUES (0,'공지사항'),(1,'관광지'),(2,'식당'),(3,'숙소');
/*!40000 ALTER TABLE `board_category` ENABLE KEYS */;
UNLOCK TABLES;

--
-- Table structure for table `comment`
--

DROP TABLE IF EXISTS `comment`;
/*!40101 SET @saved_cs_client     = @@character_set_client */;
/*!50503 SET character_set_client = utf8mb4 */;
CREATE TABLE `comment` (
  `id` int NOT NULL AUTO_INCREMENT,
  `board_id` int NOT NULL,
  `user_email` varchar(45) NOT NULL,
  `content` text,
  `created_at` timestamp NULL DEFAULT NULL,
  `updated_at` timestamp NULL DEFAULT NULL,
  PRIMARY KEY (`id`,`board_id`,`user_email`),
  KEY `fk_board_has_user_user2_idx` (`user_email`),
  KEY `fk_board_has_user_board2_idx` (`board_id`),
  CONSTRAINT `fk_board_has_user_board2` FOREIGN KEY (`board_id`) REFERENCES `board` (`id`),
  CONSTRAINT `fk_board_has_user_user2` FOREIGN KEY (`user_email`) REFERENCES `user` (`email`)
) ENGINE=InnoDB DEFAULT CHARSET=utf8mb3;
/*!40101 SET character_set_client = @saved_cs_client */;

--
-- Dumping data for table `comment`
--

LOCK TABLES `comment` WRITE;
/*!40000 ALTER TABLE `comment` DISABLE KEYS */;
/*!40000 ALTER TABLE `comment` ENABLE KEYS */;
UNLOCK TABLES;

--
-- Table structure for table `grade`
--

DROP TABLE IF EXISTS `grade`;
/*!40101 SET @saved_cs_client     = @@character_set_client */;
/*!50503 SET character_set_client = utf8mb4 */;
CREATE TABLE `grade` (
  `id` tinyint(1) NOT NULL,
  `grade` varchar(45) DEFAULT NULL,
  PRIMARY KEY (`id`)
) ENGINE=InnoDB DEFAULT CHARSET=utf8mb3;
/*!40101 SET character_set_client = @saved_cs_client */;

--
-- Dumping data for table `grade`
--

LOCK TABLES `grade` WRITE;
/*!40000 ALTER TABLE `grade` DISABLE KEYS */;
INSERT INTO `grade` VALUES (0,'admin'),(1,'bronze'),(2,'silver'),(3,'gold'),(4,'platinum'),(5,'diamond'),(6,'ruby');
/*!40000 ALTER TABLE `grade` ENABLE KEYS */;
UNLOCK TABLES;

--
-- Table structure for table `image`
--

DROP TABLE IF EXISTS `image`;
/*!40101 SET @saved_cs_client     = @@character_set_client */;
/*!50503 SET character_set_client = utf8mb4 */;
CREATE TABLE `image` (
  `id` int NOT NULL AUTO_INCREMENT,
  `url` varchar(255) NOT NULL,
  `board_id` int NOT NULL,
  PRIMARY KEY (`id`),
  KEY `fk_image_board1_idx` (`board_id`),
  CONSTRAINT `fk_image_board1` FOREIGN KEY (`board_id`) REFERENCES `board` (`id`)
) ENGINE=InnoDB DEFAULT CHARSET=utf8mb3;
/*!40101 SET character_set_client = @saved_cs_client */;

--
-- Dumping data for table `image`
--

LOCK TABLES `image` WRITE;
/*!40000 ALTER TABLE `image` DISABLE KEYS */;
/*!40000 ALTER TABLE `image` ENABLE KEYS */;
UNLOCK TABLES;

--
-- Table structure for table `place`
--

DROP TABLE IF EXISTS `place`;
/*!40101 SET @saved_cs_client     = @@character_set_client */;
/*!50503 SET character_set_client = utf8mb4 */;
CREATE TABLE `place` (
  `id` int NOT NULL AUTO_INCREMENT,
  `name` varchar(45) NOT NULL,
  `description` text NOT NULL,
  `address` varchar(45) NOT NULL,
  `business_hours` json DEFAULT NULL,
  `phone_number_1` varchar(45) NOT NULL,
  `phone_number_2` varchar(45) NOT NULL,
  `phone_number_3` varchar(45) NOT NULL,
  `place_type_id` int NOT NULL,
  `location` varchar(45) DEFAULT NULL,
  `lat` float DEFAULT NULL,
  `lng` float DEFAULT NULL,
  `img_src` text,
  PRIMARY KEY (`id`),
  KEY `fk_place_place_type1_idx` (`place_type_id`),
  CONSTRAINT `fk_place_place_type1` FOREIGN KEY (`place_type_id`) REFERENCES `place_type` (`id`)
) ENGINE=InnoDB AUTO_INCREMENT=10 DEFAULT CHARSET=utf8mb3;
/*!40101 SET character_set_client = @saved_cs_client */;

--
-- Dumping data for table `place`
--

LOCK TABLES `place` WRITE;
/*!40000 ALTER TABLE `place` DISABLE KEYS */;
INSERT INTO `place` VALUES (7,'홍대난타극장','난타전용관은 한국 최초로 세워진 전용극장이다. 난타전용관에서 공연하는 \'난타\'는 한국의 전통 가락인 사물놀이 리듬을 바탕으로 하여 주방에서 일어나는 일들을 코믹하게 드라마화한 비언어극이다.','서울특별시 마포구 서교동 양화로16길 29',NULL,'02','739','8288',1,'홍대',37.553,126.921,'data:image/jpeg;base64,/9j/4AAQSkZJRgABAQAAAQABAAD/4QBiRXhpZgAASUkqAAgAAAACADEBAgAHAAAAJgAAAGmHBAABAAAALgAAAAAAAABHb29nbGUAAAIAAJAHAAQAAAAwMjIwhpIHAA0AAABMAAAAAAAAAAAAAAAAAAAAAAAAAAAA/9sAhAADAgIICAgICAgICAgICAgICAgICAgICAgICAgICAgICAgICAgICAgICAgICAgKCAgICAoJCQgICw0KCA0ICAoIAQMEBAYFBgoGBgoPDQoNDw0PDQ8PDhAQDw0PDw8NDQ8NEBAPDw0PDw8NDQ8NDg0PDQ0ODQ0NDQ0ODQ0NDQ0NDQ3/wAARCACgANUDAREAAhEBAxEB/8QAHQAAAAcBAQEAAAAAAAAAAAAAAAECBAUGBwMICf/EAEcQAAIBAwIDBQUEBggEBgMAAAECAwAEERIhBRMxBgciQVEIYXGBkRQjMqEzQlKxwdEVJFNicpPh8ENEgpI0Y3PS0/EJFhj/xAAcAQABBQEBAQAAAAAAAAAAAAABAAIDBAUGBwj/xABDEQABAwIDBAcFBQYFBAMAAAABAAIRAyEEEjEFQVFhBhMicYGhsRSRwdHwMkJSkuEVFiMzgvFDU6LC0gdEYnIkNLL/2gAMAwEAAhEDEQA/APl4UGOpz8Nvr/pU6tZVypJuiImghKANBKUeaSSPVRSQ10EpR66KUow9BFHmikjzRlElGGpgagip0SlKOlCQKLNKESUk0sspspOaUIJVOylKUWaMFKUmgWpSjzRypSkZpqCPFKEkdFJHSTgjNOgJ0pGmmpkItVBGUKBQRYpIIqSAR0kUKVkkKKSBpFJLU0gUkoGiihmhKCX5e/NKU7ck0QhCGabKQQzSRSS1EFBJ1UJQR66MpItVGUkRagkj1UUkmmpI9VGUkeqlKSGqknSj10UpQ1UkJSM01BFqoJIs0kJQpIIZpIyhmkihmkkhmkkjDUkJRhqKMo9dBJHrpIyhqpJIGkgizSSRUkkdJJFSSQpJIUkkDRSRZoJSjpJIUkkKKSFOSQoJJNNQCFJJCkkhSSlCkmyhSTkKSQQpIoUk1GKSF0pD6inCE8LrpHpSsnAJIx6fnRtwQQZfQYoGNyUIjCfd/v5U1KERWkkhoopIBKKC7W0wQklUbKuuHzga0ZA4wVOqMsJEOcB1XIYZBa5JJkbO/h6AeEADYY3xtk9SfM0gijuo0yugkjQhbIx4yoLgf3VbIB88UhO9IxuXIx06EEkCgkukI3+RO/uFJEBc9NJJK00UYRaaKCIrTUEkiggUMUk3RCkkjzSTohFSRR5pJShinWSRhqCSUHowilRnffb300ohLMnTajO5GUgPTgE2UeunEJSg825wMe7093yoGNyUo9NNJCSLeiCkkjNOsEFpnc/38X/BOcbKHhztKUZpLzhdlfSx6RpHKmuIZJIlbIyiuELAHGSSY3NBQIUD3k96N3xe6a8vzBJO0YizBaW1lGEUsU+7s4oI2ZC5+8dXdgArMwUAJrYRAVPFOSRM5pSUkAaSSWUoSjCEkmcD0GPL3+n7zvSCCRRSR0kkZNBFJIoJsIzFtQRhIpJiFOTkKBTTqlrKcFdsEqSdK6sqGAw2NSjxHKghWOkkEohUIhOkA0HY59dse7yz+dRSZU27RNXWpgo0nNOSSkagUl0BpkIqXuuFW/2aCSOd2uWkmS5t3g5aQovLNvLFccxlnE4aUNGyQvE0J2kV1YWqFN9VxawSYlRudl1XPhHZqe5mSCCKSaWXIjihjeaRyqljpiiV5GwqljpU4UE7AEiSvQfRAziJRa9rtFHMpA0gkrnO2cH34/jVTLvTzwXaSIqSCMEbEHYgjYgg7gg7EHcHaozcpyEFoWzjAwMkkgDoTjfzOMAdScAZJFPCBV27JdlVFjdXVxYTTxvJHaWl2t39mht7qWK8bUYvs8pvQvIV2VZYVi0ojt/WoyG1TkOqYAXGyhu0NqrTSGGJbWJlTMCyyTIgVU1kSS/eyK0qGQKdbJkLl9AJfSDXiXFOLS1Q91bHAbOoYABx0C7AY6dANupPr5tDgDCMJkB1NSu4pq5NTAkjK/Oiiui0xEJ3f8bmkihgeRmhtzLyIz+GLnMHl0eeHYBiM4zk7ZOUBdNhR9PSQpJJz9mwpPnTQnxZcYjg5olNT7gHA3uZ44EKhpGIBbOBgFjsMknAOFUEscAAkimEwmkpldwaXZMg6WZcjodJIyPccbUQlquRWnAJAQjC0iEiEQoIBPLN/L1qJ1rqw3gli0yH8mUFsbb46j5KS3wU1ICmkJmVqSFGlpEKEJwATqzstRAyFyQNTHAX3nY7DqcAn3Gpm4d7m5gLJpc0GCrp2L7QPapdva3lxBctFBHEIypM5+0K8kSgxsVCFI5VkV0YBHj0yC4bS1mEqVajWMbmJOg1/udw4ouLQNVGdnu8S+s74cStrmWC+V55FuoTy5UluEljldSgUIzCVwQoAAJwANqkrtOUNM2+CaGhVq1j3GCVx0I2II6EHqCDuDVeYEJ4bKnO1vF5Lq6ubuZtUt3cT3UjEjLSTyvK5O/Usxz7yPWhTpkwBcqSAF14H2YnlU8uIsHAw3hGcMw2JPTXGyn/AAGuj2X0dx20zOGZIBiS4Ad3HyS0EgEqf4NDP9j1QSOeRdyPLCzr9mUrGn36K0nKMrLiOQtCWZEj0yFQ6CL9369cPcMhawlrjmiCNeGm4g3T6VN7pe0WGvqovi8ayIblm2eM6goVMzmZgyoo6xqhXLHSxKsSACMmpsGvh8A3HAsNIuyjtEu1ymxA3jiVAagc66guIxSRqiuCokQSKpyDpLMoJUgYJ0kj3EHzqjiMBUw3Vmq2C9uYcYJIuCBExPcQmtrNfIbuMJoLQ6A5GAxwOmTgdQOpXy1Aac7ZzVF/JEJrMtMCRSFpwEoJ/FdxhJF5QdnKmORmcNEF1ZAVWEbawRq1q2CikaRqDIs3yjKbXFwSAOgXoATgE4ycEnBbAJxjJoZYSlcolzT2tlII3WkWpKae0JBHuNQqc3UOq05QKW7N8ca2d5EzqaCaFSGKlTMhTVsCTpBJ0grvgkkAqzHCUiJUQsFOAShKaOpwEFyK0HBJdZ18I+NSPb2AUCuUMmKpkSnNKdT3g8upG/0x9MU5gIUrnLhkZH5irIaJUJK6Q4yc9N8fHyq3SpsJObgY700lGBt86cAY1SMapxw6/MTpIoBKMGAOcHHrgg/Qg/CtDC1HYeqys25aQQDpZMN7J9b8SaOF4dKFXOTrXLo2jQWQ5BVtO24PU1NTxBp4SrQytcHmZcJc0xGZpmxgc9U6LhR1uMVzIZJhWhZTHDbYSjGuFWVMjmukSFzJjQWZlLeAlsg+RG2xrXoUm3Jtw4bvrwSbTdUMAtHNzg0eZHkrDxXi0tprS3uoXh1MsKpLHcukXMkdAcoVUfeSOwUKpkkchQWNdZgdsYnZzXU8I8BpJ3Am9pEggT3a+Ke+jVoCc7DMSGuDo1PONTv1KrEPGHRDErEQvhnQAEMRgAnO+RpHmOlY9Cu+jTNJtmOuRxi2uu7iq2dwaWg2OoTSXi5Kctm8KksinopOc4G25ycmocRjnPpjDvd/DaSWttAJmT4ydeKiHFNrq5LAFnZzpC5YklVGQqgknYDcAYAzjyrLxFc1iDUfJAAEmbDQdw3D5pMaGiwhO+OdqZLh2eQpl9JYIAAWVFQuBvpZwoLhCqlv1QAoEPWBtPICI8L3m+8pDWVGy1ULCFKkGTbFTB5y5dyjJQEn5U0lOCSzUwortapmpqbZSQYVC4XSVqhjqjKsqtiHBI9KnUK6KlJJEy04JLnIKmCauBpx0QXd1zGfcasRNAngU1yY1QAlCU5tuGyOcKjN57Dy8j8K0qOBr1TDGEoSSpCDszJvqKLpGT4tZA6ZIjDkfMZHyJrWobGqknOWiN0yeG4FKCtQ7Cd0EM0Lyy6XxnADyo+2d9J5QPQ/reVdHhtkYWm4dcM3HtOEebV0eBwNOowvqCfEj5KK7Kdh4pb5IDAroJArI0zx5BXUMtzUx1B2lHxqTF4TZ2ZwpUi2LfbqE98Fx9VVwWEGIxIpBoiYufjI9VqHf/7PsVjyGgtLeFJEByl1PNkkdTm+uMb59BQwWAwjmODmZjzdUHo8LR2xsY4NjXMIIJIJvrwgk+8BYxb9jcsAxVVzuVV3I28lMiZ/7xt8MGOpg6LNKbfzP/5SubbTed60nsX3ENcW0s3IhbQA2T9sz8BouUX6xn5VVqUqI0YP9XxcV2mA2Ea1E1HAE7pzfBw9FWbHusdphHhMlsYKyFd/+onH1+dQ0hTaZyA98/NURsl5qZOaufeT3K/ZBGSluNSA+CA7H38xATn1rqsLXwmQ/wDx6RPF1JhPmCn7U2G+gGuDrcrLM17I7j8PzijIHyZGH5VSf1RdPVU44dXTgeBYQua9nI3r2h3G90GeD3DrNYBmgYhTw/hXMzud5THHOSNsAuenQb1FicUzM0NpxGkdkD+loa3yXfYLZ1JtFua5O8ACLb7X8V4t4zwhku2TOcNKSAFUHSdsBDgYLA4VtselTYXGV34hmXmSONuUGxvY7lwGLo9VVLZ3la92X4JE8KmYT7hdhcX6jy8o7vT1zsE8um9bWJNSoZeXxwzPHo9dHhmMcwZs35nf8lCd4fdzYpDzFhnLs2MtNOunSPLnF9YOQTkAjbB6g83i8HhyMz2OMn8bh6kpmKwlJrJDTPMn4zKx2/7PxhmUMVK6gQT5rnOcj3eVUnbGwjmy17mnhI+K5ioMphQk8WnbPX+GP51zOIYKDTTYZB1kDd9clGNZTaslTKR4fH4T67/uq/RbLCU0FcGiPofoapOBlPVzFqc1lyFYgqDu7fDsMbgtn5H/AFqZpsmkJUdl7qJchlS57CkHoEKLmh3wOvp51YDpUZXReCP+spUepqyxhfZKISryw0ocEnbNab8Nkoug81CSoWsSEleOydmkp0ksMsG8KgnJd9jvuo1eq/niu42aQQW5iO7vPzClpsBN0qy4qkjyCKMrmI/pGznBTOpV0ldvLmN069atYfE53Oa1kHLPaniNRbjxKa8gns6c1rHZTiTRWDXEXKERl5JChQRJoSQF3LTqdQkVUUIWLY/aq0MQM3ZAsJsB6yV1OGz08J17XDJmyRvzQDzF5EQJJTDsLOycVLZbOqNiQEjP/ETdWCopxGMjAGfLei9hdVf/AEn1HwUOyapGMkzr3L0T7Rd/Jc2sBOptCoN1h2xkEkxkn+eafhGEOIC63boAwpgRedAFgvZ3gAkliVgQHkRWxjVgsAcE7A46E7CtCrRIYXcAT5LhsCG1azGHQuA95X0TsPZas4rWeG0y7ST2yJLP4miiOBcBtARCyqrSqxUD7xF3GCfOG7UeXA1AAIdIA1O74D3r1WliqeHcGOaGsDXkgXkj7MTJuba6gkrpZexPw95jPbvMmp7Hkrr1eCR1a6J1LnUIHV18QCMpJBG1Uhtiq0w8D70/Dz14qm7aNGg6X0xmAqZjJsWg5d5s5wg8RpBurD7QHs+2/ELMRgpA0Vqs9u8MSCS5uBFdtHHKzBjy+VErsiYJY51DSBQwW0alGpJuCYMkw0SLjmqtLFe0U306gJl5Bv8AywMgkW/E6L7hC+Y93wYhh7/9/KvWBhCvPMRVyvIXpjsL2nuI+HFUlZF5WDiSxfbH7E9uWGfTXnpvtWNWo5XxHqvQMNV6yg0kxA4tPq1eM+28f9dlJOcxSsxIUZzLEM4jwo+W1Giya4BsMjj5t/Vea7Td/FJmfd8FL9mjIIUMeoXJLIUYqn3RETNMgaRE0oToLaiyltvxeIms5hObhbxibA35clq4Og59Jppg9YS4EOtaxzCS0QNCZ101Uu3AOIXA5dtNcs8bs07IzXMJJghxGyq7qsbNqOl9QVg5x50stV9MPpPcLyZvoGiIkxxjvKsPoV85pMcZBuQcw05Wjv3qicfsJo1bn4JKSOpaIwuEYYTMeldDdcqQSM9Tg04PqCgTVymWkgxBAOlrXG8ESsLEse0w/wBI8lnd++5+J/ea4fGOl3vVVqa1mQnFS/Ck2FbOGb2AhvUo8fuovpyUJK0ZeELtgfH31w2Za0Kn9o+ElZ9X6rnw4/wgEY8vEPnVpr+yq7mmU4g4KWKhQSSQAACSSfIAAknboAaiNSEIWk9nO4WdxzLphbxncLsZWH+HBC+XXUeuQMZqg7GictO58lZbhybmytbd31rbKOVEMnq7eJj8zn/Typ9N76h7RUhptaLLKu2/B8MT5E/nXZYAyIVCoFnnHLpUGOpORjyG2+T8+n7q2sRWbSpwbkyFRVXFcwEVfe6sff8ATViKRtJBIJQwP0HuUk43ABPlXW7GnrJH4TbuyH0lT0HAPBKsnEeN3FxM8v2S3ht4hNErIh6IJtCvI7vNo+5fOnQgO2xZc9O2visTUfnZlp5XtDgLiJA7RkiSCRYDvtL6tbM7OGNAB4WN9DxHHTwVv7M8ddYpOViC81r9n+zx6eZEz5mCxuyLIyKiM0uQMMNJbcGJuDe5/wBknX4d3yXRYXabmUXijDKkty5Gi4M5rGQYtLvdvCjrW1Md+S6kM0MUrBkO7PNclmw2+7EnI2Odjir7MMW13MI+4w/6n9/yXOMrup1y58yTJkazefElbJx5ObCg0KPCMERaD9dTH8q1MNh4db1WptTHh9GCI/pj4lRXAeGBHRgN1ZWHxBB/hWzUwocwt4hcPhdrGjWa+dCD7jK9PcL75r4rLKkqwmZixEYZdLGJIiV1BgPAgwd8HLDBOa4t/R6gCGkExx75Xq7OlFPEUw57GkCwmdASfG5+BtZS3BPai4kbuN3a2PKR4wjAxo/MRFMkhDZMihPC3TdvCc7VavRTDCmQ3NeDOsa2HJUae2MLUBolgAcQftcDOpmBO6EL/wBoO+4bEkUIikXUXYzTG615QoEyQhRAuCFiZN164Zwyb0ao4t5c6RusI3zPM96n2p0gw9Iio+mC6NWuiL5psNZ3mbeEeROMwhnZgqrlmIUbBQTnA3OwzgZPQedd43DFrQF5XX2sK1V1TTMSe6TKt/D+ID7Po1SHw4wI7Rh09ZE1/PNc/XwhzyQPNd9gtph1AAOJt/4fESsH49wKRryblo2tbdGGAmV1zNhiq4XYoDtnpT8LgzVruawSRT9T+i5TaGJFN4eTF+W6+6yi1tLnRNDMk0jyxpoJJCo6FSp1svQspLDG4PT0q19jYillDW9oc90RGYidbq5h9qCsyo2o4uzAQZHZcDIMTpxTROyc8s9ukU8VnNGrsGecW7a2Y7xsGVtTaTum+N8Hes3E7PqufTa1wY7tTe5kjhBvHd7lPh2Oc6GkAjS8e4p526t+IxxMnEZZ5ZQEh1Tu8jMjzak8TEkgoYyAxJwVx+E4ZXp1qOGd1zs2gnvdA8o1uVLiXVgYrEk6XM2WOTvn57159XMmVVBXKqqcVJcFhdm0oCxxnA/fV/Dvg3NkMpJspVuJaCVdWBHlj+Bq06u0J8RqtjFhvXn7StQQmvF+ykszoiJ4AI3MmqMDWGzoOpw+4UbqjYyTvjFLrWt+0b3THNJNlrfAbKC1UC2iCudjM+HlI28zsoO2wGPcKzIdUPbNuA0VtrWt0U1banzklic5JOfhvvVgNDbBSJlxuRI43eR1VIwWLuQqrjBySdvdV2lqonwBJXmDvH7yluG5dsCIhnMpBDOf7qndF95Go+iefQ4dzmBZVSpNhoqTdwkxA/snfP0/lWrWrMqUWtB7Q1Vc0nAZosokCswKNXnurnC3UefVgMAHcxSnodseDOT6eXWut2K4CqBvM/8A5cfgnNJDgQtU7UdkryJY7q/ulXnsBw22WSLBTUvMZokAiduVIAP0j6nHM8QK13DcPVZVL61a8/w2h0C4NiIAceFjpOYzaxW6wAF510EjceAt8eMKVuuM21plJ7rikrKASkM4t10ldQ2txbZABzjJxvXSP2dQYIrVHnnMa/8Arl8oWYNo1niGAnxPw+Kbz2cacQZVJKm1VlLySuxXmhgC8jPIxxISS7Hf5Cq3sraWJNNswGCJMnWdTM68VmHGlzTU0k8/iSfNaTHErKvQYHk5b65J/LFbtGlC5raWPzDUeBPxUhaWCg758qumnZcezHkOsVf+GXjCDSMgEbYZd84wcEZPrt7qyKlEZ12WG2o8YeAT4OHpqo3gttifOHzsRgDbbYZJOxIJ6VLVb2NyGCxZdVBLinHeJxLVoVsdOpKk59MBR7/M0zA0QJj0U/SHGvc1szHGR6AD1Wb3NuCT02rYeyy4ahiyXhdrmVBH4inw0L+9SD61gVaJzSF6dgqzjTAjyHwWPcf7X/Yrm5kjjEuYrSMrqKhdRu2LasNjoo6YyRWdSxrtn4mrUyZuxSAEx96pN4PL6lV8Zgva2taXFsFx0ngOKp3aXtElxLFdTW76UQx6VeGaMg6iTlZEZXHMyNvCwUkNuppbUxbMVVZia+HqANBAymm5sHU2eHcxpcCyOBoHDtdRa8GTNw4HzBG5RE5UmBVnVAkcUgE48LMGd0Z9WuPKh2XS+oEbbhmFc7iG0z1YbVhoaD/EtvJEmSOVyuiok3mNfBSHF7Z47VdY6mPBG6+AGQhSAV05jKgBumnyAp+MoVKeEAqf+PPQ5teFvoKUlZy4rzqpqpgUjFVyE9ax7NPEuHRcUi/pQL9idWRy4zEshU8tpx/Y5yGyCoYozeFXIr4plV1E9TMyNNY3x5K3hXNbUGbRW32uJOC/aLR+DNAGeOQ3a2Wh4AQycg4RhEkrDma1TfATUOhbOwgrwRUn+rXzVnGZJBpmeMXHJK+3zOTyoWQdOZOCoHT8Mf4m+ZT51ngAanwCAJOgU9wS2KDJcuxI1McZJHuGwH91QAPIConwdylFlfeH2ucZ6dcf79agsFOFw7bd5Ntw6NWmPiYHlwpgySfAfqqPN2wo2GckAz0qTqphqjqVWsF/cvKfeB3mXHEHzKdESnMcCE6F9C3TmPjbWwHnpCAkVv0qDaYtqsqpVLzf3Ks2soDA4zjy9akMkQn0nBrg4iQFf5+E5sw2ASEXrgDLEKNz1wW656Yxjam4Cg7EVi1piCNdLrr8axlHANe4TLbd9lSeIWChdSjodJYbLnAPhB6gg5yNuvUYJ6PEYNtNmZnaFpdoO4DeOfrquBzydIXfsvxKSKWNo20MNWDgHDaG0nDAjOT6efvNTbOqvp1W5DBv6GNZ3pExcKS4Vds8ySPgu8sWt2Jd2zIpJLSM7A+WU07ZHQkHp8EQ6uyq4S4ubJMk68TPhEQLCygeTBK9H8M7T3bSpa26wQpLHznupbKO6YuqAIi83SgZBqcKxbcA4x19ZfgBiq7Hixy3N4ixGhBnx03Ln6vSB+y8HUsHDMLENLtYMFwMA2kaT4qQ7NXipxuOSeCK6ZrS4XTMkRiL4tl1tEYnhbYOFTlhVLArgqop9XAj2oMJLRk+0J3ZTrIN4498rhtrbRr1NmPxNF2Ul7b5Qdc1gBlAOmlhGi2z+loQjZsLRAEbZEtYzjBGFK2ykH0I3B9as+zNaRlqknvcf9y8WficdWqNzYhxuPumPG6pHd/fxSTxJIFkVreRiHIRVcCLDHWrA4ywCnG7ZycYNnEfYlpjT63Lc2t11GhUdSJBDwBAkkGbW42vw75GzcV7Tq8LI7QzpHmSOLVbjSyJgLGUj1qpAA0DK9PCQABzlLCU2vmnIcbE9q8mb3jx15rDp9JNsOc2kXZWkgE+zsEyT2nENEkSbkzc3vKxWw48kZiZgsjhoshj4XyQCp1cweLJGSp652IBG9UpF4I0nhu9PVenMeQKhpy0hlQsOUmHBpyugmDBgwZFrhbFxXvCmljFvI0D2oGFtS9usaKOiKEVMRr1VcEqQMNgYrIo7OwlJ/WttU3uvJ5mSbnf6LzDF7Y2ljmsFetUlghpDMoA39loAki3CNyyftv2Ouk51wLCWC2VNeQS0aIieKXOkMsRwWLHKg6jrx01G16M9WKoc7wBk7o47o15Lc2TtKi40qL8QH1HGL2LiXfZ1gkTFr6CJVo7Jd8lxHZ268qFmSJEZzJGpdoxoLlREukvjVgbDOBkAGmu2Rhary974kzEaTu1WZj9m1G46uaWIqsa5xMNzQAbwO1umFg3tP8Aa43iRyPCiza0XmKyktEhmdY2AjGpFdmKZbKkkAHU1UdtbNo4bCDqbyReL2vxPPhcr1DoPh61B72OqveyJh0mDYSCXGLaiL+AXnC7cY/CM467/XrXnddhDV6603XLi6FZFGcFYYRt5HlIT0+NZmLpllRo3hjB7xPxU1Jwc2eZ9YTSQkRsoJ0tIpABOMhHycdMkMuTjfArIr5m0zBMFwtNtHbvEd6sN1UfL1PxNc/VHaPeVOlNED0ONt89M+73U3qwRZOlSPCY8A59f4Vfw7AGnMgCmc8m9ZT9VPmXqgW4wQd/9/wriGrVTmxjCn199SEyiq12779IrVeVaaZ7gZVmOTDCQMbkfpXB/UU4UjxNkaTboYN1S7rDzPyUFTEACG6rz1xbi0s8jSzSNJI5yzuck+70CjyVQFUbAAVusY1ghoss8kkyVFsd6BKanFuuSKapWar1LP3FvH2ah4ogeUSW0EmnbQxllCBVVEDgx3QiTJkbKlt0JBXL2XtVw2g7DEDV3f2bxrvAI03rtcUxlTZjY+0GtN+fpHwWCWvAJrgvFFmQsFyYxoiIADaSHEelEYYy+ASgbGcGvY6Gw8VtKabAM3IQ3jFrADnvANyvL6+LpYZueqYHP5ak9wKTd9jnt7iKPWsmOXKzoDoUljlAdyxGgDVgAlvIDVQq9G8VgcSykYdZrpEgXcQW79A3WwMjTVNw+MbiKZqQW3Ig68jynhu3p3wHss6srSafDvpG+SOmTtjB323+Fdhsro9WzNdVgRuF/km1MQxupWnrxiRnSQMYii6VERZVUaSp2LMSSpI1MWPvGBXpmFwFRgAk209IXO452DryHsbB1G7Wd/PmutsWVmZQsjMjoecGlQiTZ9a61Z9Qz1bqcnOK0RskukzBO/XVZGLxlOpTbSEta0tIymCMukGDEHkn3CLCQOjC14f4WByLPS3gIbZ+flCNiGG6nfyqMbGymS/h90cbcVhV8S1zS01a1wf8WR4jLcclb+77uS4jbvC9rAJZLi3CReKCUBZrlIYzIDKsSF5Y0CmRwgD/AIldHEWbWqYCm1/WVcgaYJIdNhmMWl0CZgTbQgjNk4zbeF2i44ZxNqgkDM3tRoDEx24J4wDYjNpw7ru0lu9uLlIoLaeSJDOyW7QJHO4jDTPBO8kC+I51cuRRvgbVlNx2zHtcaOIc97QTkykOcWiYGZoB03SFztZuzXUm1g0kubnYc58C7skDcYcL8Cq1xX2eZLWS1aO4iuEZy7tFOjGAQtAytOIzqYSK0nhjOpnimjwpjy9qjtDDVw/MxzC2IkEZpzWbI3ECSdxB321aPTF2MovbV7Gbs5TqQ5oM7wB2mjtXBmQCCBGSwX66zDd2jorNGjpZaNehiuACrpGcg7SSAKdi2QcWqNKi8Al7xOo7Jj4kdwk8FXy4RzwyrRqZiASDVmJE3Mif6QeSx6bvPv2EkDX18Y5JH1QC7uFhYyuS6/Z1lEQV2O6BceWKpNqMFSBTbmkCcjc3AXILhyvbcvQRsjBsy1BRpy0CHGm0uEb8xEzYGZmROql+JcNfC4htH0IkZklt+dLIY1Ca2kaRSxIx5beWBgDtP2LTef5h8Wg+azaWLBLv4lVskmG1MrRJmAAICiOI28jRCJ1iCqxZRFGYgAwOpSupgQSdQ6YJb9tszHYjcuUkOHcB6K/RxDW1DUa5xJEHM7NMb5gXi3O3BVq57OAblRtvuBj55GD86wsR0foO1YPctenjnaAn3qK4pwTWSSNz12/39M4+QFclj+jbHyd606OMLRG5K7YRQtb2yRRqskSx81ljCF2RGViSDhi50sT1JGTv15Lb+zB7NQpU29pkZiBd0Ai/eTPeFdwVU53ueTBNpOgVe/8A1oaYnAc6hmQMyjfO+g6SAMftBiDvgiuSf0ZrGgyvTlxdq2wIvu5d9xz3Xm4rtua+AN3681P9j7FoXW5lgR40LKfFERllZSGiZssFHkVPkdtjVahhvZKgOIZESLxwI0VoOD/slVdZtRZgAoJJwuyjfyHkPd5VznWWPirYCiro+I/Gsom6evVPEL1I1LOwVF6k9B6fU7ADJJ9a4xjS4wAtgmNVjXbrvRkmLRQaooujN0kkHy3jQ/sg6mH4sZK1uYfCBvadc+So1KhNhos7rRVYo1TNEohcJosGoUF2tmwQfSjlT2lepewffzxJuBJwlJBFw5PtDBVVdYRJjdyK85+9cNOocqpAX7sKqDOqXC7Ooh5xMAuvuHL1gaypKu0DakBwGpPEb7CAd0WWYdnuMEa0QgJ5HADEZ2J0k4JGCQCQD0JwDXu3RDbNavUdhn5Q0NkQIvIBvv1XLbSwVIxUiSDvM+S53i6mBz026jpnP8TXqlLZjsbUBHcsfrHMsF1g8gNzmvQsJsKjQb27nvTBSLwXP0Wldh+wjz4JOAcAf/Z6VUxmJo4WzG6LgdsbWpYclrBMb1qPDe58ADck7k5JOcjAypOnw7lSFDZY5JwunmKu2i48vrxvvvFu+fPq3SQkxFvrx+Hmu153a6dx8MZPkBvuSd+vpnOMdKZT2pm1UNPbefUKJ4bwq8tVdLW8ubaN9OuOFowHCyc1QxMbOwWXLgFtmPocVBUw2ErkGowHUiQDE2MSDqPJbLto0axD6tNrnRE9ocODgPutOmrQ77QBT+7ueJzJypuJX00eS2iZopRky847yQs2ObiTTnSCFwFCqBCNn4Kmc7KbQ61wANBA0A3W4qH2zCsOdtBgcAQDL7A6wM8Ak3cQA5xJLiSSS4tuCXYZib67LMNJdnidiNbOF1tCWKB2ZlXOFLHAWmltCLNEcIA3RoBExZZ9THYYtDRh6cC4ADgNA2YDokgAExJi8phcd38vN+0C7k+0eMiflWolzIzNJlhbj8bO7Mp2YuSQckU5hoZcmS3y4dyuM22zq+oNEdVbsZn5YERbOdIEbxAgqpDuTxKHR/EpyGKwAAjcHTytGR5bdcegqXqsLmFQgg8o19y3j0pLqZY9tjqO165p71ZE7uQFGW3x+dap2nJ0WGdtEusLKP4h2KcNgCM6WDYCgAkADGRhtJx0DYySRgkmrFLHNIkk3Ea+PdN+HAaK9R2s2JMqtcQ7ASYY4TG22d/l/H+NaDcZSeQHSVtUdsU5AuqXxLgOknUuDV44ShWFl1WHxAqCWlV6+4JmuS2j0em7bha1PElq4CHAC+SjA+n765avROHZkIs0W8AtWi/rL71L9kOzEE8bPLCHKsQG1OrEYGxwQNt8EYPl768UxgpeztxNQEkvc3XlK6SmCXZQs54napHNMkeoRo7Koc6mAU4OWwMjIODjOMZyck8RULcxyTlm0q8BGqrsh3NVEVoF9xG54hMM9AcqoyI4h0z72xnxHLHJxgbDHa1mHbP9yrsl5UJ277Pi3lRQSQ0SPqPm2WDgfAgfWp8PV61s81DVblMKvRQknAq0oRdSUNtgUxxUwEKMvl3piiOq4A1KgtR7uO3kUFnNC6OZFMrRsCioVliKaXYnXsxYnSDtj3mrtB8DLHd4qs+kXOzTAsons1C+lzg4UKGKgkKGOAXYbJqYaVB/ESRnIAPq/Q3Zjm4g16rg0EEZZubgzyiP7KjjqsjK0KfhUn6b4+u/uyAfl7q+qdlPogAMc2d1wufawg3TnhcZ1g7jBB+Y3BFdFWILCFNX/lODeC9Dd23FYkAz6eZA/jXmm1aL3my+ftt4eq5xWqQdoo8dfzFcg7DPlcA7B1JTHi/aRVXUAD88j8gTVijhXEwreHwTnOglcOFcQikBLMqnOwwPTIOSc9fd0p9anUpmGiQpsRRqUiA0EqTgjXVg4IP4TjGfTby+pxVQuJbO/fyVF+bLIUo/DxVYVSs8Vio7iFgAOlWadQkq5RqklQBvYx1IG48gTjzO5GSPTIz6itHI/cJWwKTyFF33HApHRtgcjbGRuPl+dW6eHLheyu08IXX0TE8dTrVn2d2iteyP0C5X3GI2U7j8qfToPBUlLDVGmYWY9pEDMcYrq8KS0XXoWy2OESqpc29a4IIgrq2NJKgL9gu5wP8AFjBx8djXDba9ma0trOa0OBHaIE90x+i1qFJx+zPgn/Be28UELKsQ1K2pysi6SCcAhXbVnUcFV1DAztXzn0lwmHpYZlLBPDmtcXEZwTe1rye5dPgszCS+TPFZbf3ALMQSSxYscAbn5nqeteXrUlRBWmpLf+BcFCEIi6Rtv/Ek9fnXJPqF1ythrOCr/fT2dIjtZR+3JEdvNlDr9BG+3vq7gHiXN7j9e9VsQzQrO7e1CitQulVwIQK0EVFcRj86EqIhMgalCYlaz61I0wmkLS+5vg/BjNzeM3UXIMUgFuq8R54m5iBGZra1MegoHPhnf8S5UHIVzwDqPIz6fFOblzdoWW7djfZSiu5/6UsJsdn7iUxwNbrM14kaFIJ5Sl9FG7QwXBYyBWkeTwxx6jkxa2xOkjdiY+nXw8GqySWmWhzY/ll2pcbkCIsCTuUwwgrscDYHTf4927xVB7TcNjsbq4s554OdbTSQuVlTS5RiBIni/BIumRQdwGAOCDX2PheneyMRRZV9optzNByue0ObOrSCRdpkHutZcjUwlYEtymy62PaaBelzF/mp/OpH9Ktjv/7ml+dvzWPX2Q+prSnwUvD25h87qP8AzV/nVU9ItkHSvT/MFjVOjhOlGPBSlp3k26/83D8DIP3VWftvZTv8en+YLLqdFHv+4Qtu7Bd9HZYcNkW/mjPEiLkQkC8ZA5Qi1LND9wg1kamlAUAEtkZrzfau16v7QYMJXb7OSzN9nj27kTppfuWthehmE9lcKtN3XdqDmcP/AFsDFu7W3BUux77LNd+fbZH/AJqfxIrrH4zZ7v8AuGfmC4Wr/wBPsW7R3knMvf5a+Vzb/wCcn7tVNbW2dvxDPzD5qq3/AKdYkanyUdxXvqgJZftVrkErkXETKcEjKsHKsD5MpIYbgkEGrFHGbLADvaGeLgPIwRzBuN6u0egNZl7nwVVvO8a3P/NW2f8A1o//AHVqt2zstg/+zT/O35rbp9E67BGU+5aD2n7Zdm/6KR7e/hPE+Xa64ue5HNYxfahhvugEUykMG0nSNO5Arj8J0kf+0jTrVGezzUg9kdkZsl+fZ58V0tXozQ9lGRh66G7zrabe9ZLJ26g/t4f82P8Ag1dwNv7O/wA5n52/NYY6N1h9w+5NZO2kH9tH/mJ/OpB0g2f/AJrPzt+avUtgVW/dPuTC47UQn/ix/wDev86st6SbOH+Mz87fmtujsqo3cfcom67QRf2sf/ev86bU6WbPaP59Mf1t+a16eBcNx9yrnHLqCRCC8bY8QGoHcb+W+D0I8wTXn3SPaux9qYZ1GtWYSLsIcC5ruIAueYGokGy1KNF7DIBVm70Zez9zFCOHNDZyCXMrNa3gJjKY0/d27hirEHqBscHcE/NBc6TIEchqtlxbAyhY3PCFZwrB1DMquFZQ6gkK4VwGUOPFpYBhnBANRzN0xWLsN2F+2CUlyvLKDCjJOrVufdtt8/Ss7FYvqItrK1cFgfacxzREfFbr2YtuYFcfhIU5/wASg7ep3rlnviytNSe9rhOuxk0j9EySj3AMFc/HQzfWp8JUioOdlHXb2FgkceTjy866IFZiXFFsc/hGT8TtRRUXPa62C7753A6AKT09Nt6ic/KCVJTpdY4M4/XqomPh0hOAjk+5SfzAx+dP6xgvIUHU1JjKZ7lKQdkZmXOkLufxHy2wds+/rim+10xvVluCrO3R3qfsO1nC41RJOExzuihHl/pK7jErqNLSBEGlBIQW0rsucDpWg2oyAY3fiI/t3LMcwgkTvK9FdwnfXcXHB57G4mijtOH2yWtpFCAJ7i4u58qSuo8xIFVnkymC7xsWUhVbn8Rg6YxTarBJc4l06NAHqZEdy2qGJy0i0ACN/E/WvFefe1DK99fl2df65PpDuzMFMr6QWJJbC4Gok5AB91dXSfkY0DgswmSSeJTP7PHpbDbhWK+IgEgEgfM+/fp51aZiHSmkKA57ep+prUbUUKUtw3qfqf51MKiSWlyfU/U1IKiC7Ldt+031P86eKiEI/tTftH6mndbKWVWC1hBjQkHJG51Nv+dU3YggkJ4amXFE0rkZByPP/WmCuSjlUSbtv2j9TRNREhEbg+p+tM6yEYSDMfWoy/mlCd2K6gck1SqVSE8CU4a0+P1qsaxT4UTK25ol8hMK3f2fu6Fe0dy1vZ8Kt4449Bnu5+JX4ggV2woJTU0kjAMyxqBkKcsg3qrjtp4Og0ONKN0Co8zzkptKi99gZXqLv6//ABtcI4bwi5uLe9vZuJxWjTx28BhWyaWNcnUtwLm7VXw2FF2Tt+rmuSftwPrtDGBrCRaSSBxJO/w8FdZh3EEcJ8T9c1lfs/8Ask8N4pwu3v4uJcSgkmUrcxwyW4RZ4mKOF/q4bQDkoGLHS34jnJq4/adSnWNNzGmNJE2OnkrVClDczXETrCpHd5earW2Bx4ECH/p2BPvIwT8ar1/tnvVimeyFbuO8OE1vND05sUkfvGtSFI+BOflRpPyODhuKc9sgheZ+Gx6yNsDG/l19a6iVlASj4lgbYxT5RcE44JwQ/iI8TbBfMA+WOuTtkfAVlV62YwFuYKgWDO7U+itXD+BliBjJOwHr7h6/CqkErXDZVksuyTMNKg6jsuM51HpjHnnpjfNTtoPN2i/fCk6sQlWvY3juQP6a4nqJAAF1d5JJxsBddSdvjXTtftAdttN0cetA/wBy5s7FZF3/AOn9VHX3Zvij/aI3uLi9ukRLhHuWmuHEFlIJ5CA7yScmMg6lB6sV06pADkvxwec9SZ33nzKidsw0yGA66GPgrVxTuDlv9XELVliE4QSW88c6uzJqheWI8uRGQldJR3RvCZACriqZ2xTp9kie4hTs2Q8uguA8LD6Cil9ljiB8IWIlhgBVkJydhgCLJOfIbmi3btP8JUx2I/XrG+ahx7J14CQ1zCrAkMrRyggjqCDggg5BBAINW/3mpgx1Tvf+ikHRuq4T1jfcfmnw9j28Bw11CpBwQ0MoII6jBOdvfRPShgs6k4eP6Ijo3UIkVWnwPzTs+xdfA4N3bqdtmimB3GRsfUbj1G9SHpOxtnUnDx/RIdG6huKrfd+qm+GewJxabHLmjfUVAK21yVGv8JLhSqqR4tRIGkFs4BNIdKqf+U/3/ooX7C6v7VZg18uUrjx32DeK2zmOee3ikXqrxTLkHoQcEMp8nUlT5E0j0qpNs6k4eI+SNLo+6s3PTqtI7j87eN0f/wDI3EY0TM1rpxgMVnAbScEg8vBwdjg7GoXdJaR7WR0HuUo6O1ZjrG270x4n7JvEmTaW1xnr9+BkeWeVjoc4+BoN6TUBctd5Jv7u1pgPbPioST2SeJAZ5tqffmbHw/RVP+8+HP3XeXzQ/d3Efib5pnJ7LPEhvrtTj+/L/wDBRHSTDHc73D5pp6PYkb2+8/JMm9mjie//AIY43OJJeg8z9xsB60f3hwp/F7h81F+wMWPwfmP/ABUjwv2bOKhf0aMCcgxmRwQNif0Qzggj5dRg1WqbdwxNs3u/VD9iYhtnFn5v0XZ/Zv4puOWnuzzcn5CI/kTUA23h+fuHzTxsav8AiZ+b9Ew4d7N9y7BHkQlzpVY8lmdvCq5YAYzjy36bUx+36UQ1p8VONg1IJqOAEbl9EO6zsXccLsLe3N1JcXQ8U01xIzmaZ/E4RnLYRf0ccROyKMajk1y+Px1TFPBcTlFmgkkNHATpxMWlQUaDaYgeJ4qwcT7SGVnM4kjL51sUDwuCMEEKcqMbYK7DzrK8VZDYFl4M4V3h3XZS7v8Ah5Ky28sy3FsycxY+W4YeAAeEBQiFfIpnzFdhUwrNoU2VRqBB8Fl5zh3Fp71C908oKyIf1dLAe5hg/TSPrVWvEypaav8ANdYHWogApSZXn7tTCsUksS+Uj+f7TZA28sEfKunpOzNB5LMeIKbcE4SZSGYeFfXzPl8h+/4VWxNcMGUanyWhgsMahzO0Hmk94vCCIo5MbK5Un01jY/DK4z66R51XwTwXFqv7QpkNa7mqMvQDJwCSPcTjJHpnA+la1ljjSE7R/CF1NhXLLg7AkKCR5g+Fdx6UJHBSi7cu76/RPYrk8oRF30iUSqM7B9JVm9dWAoGD0B91DNaItw+KlH2ch0mfKPoLT+4fiKrdxws74lkTTpYLg6wHOoYfJU7YI215/VqniaLqzYYO1BWtgKmQ9XuJXujsz2ctldWuLbmLFE4iieR+TlI3eNCkZWVmlujl3eflqkkn3ZOhlzaWwarzPVu7t30T4cpWzWfVywx1ybmL3N7m0BtgAJsL6rzz7W3AI0t7ZkRoEa72Xma9Di3kOlZGIfGdbIHDsE2aV2TVJp4fZVXZ5NSpTIDoAn3xr68FRx9VzqbWuO830nvGmnC3ILzQs2IZ4i8jc2SGTJbKho+cCW6nU4lxkdRqznNazKtj2RuvGl/Kd/GFz/2W5AbW8p+aXwriBSC8i1SH7QLbL5zpaGfmAsScjUC6AjqXx5mrDa0Mf2QZAEx9ntNPmQAmN7ILQYmPKT8054Fx6SFboCWVvtFryCdWrR/WbWTmZYkrhI2iDLgq0qY86lp4mA8FoOZpbPDtMdP+mPFANiwJHcY5/Q+SsnYntxNbi71XNzJz+HXFlGDIZTC0gXlSoZH+55Gk4kiw6KWVQQ7CoqdbKHjLMtcNTa4M8wI0Nt+4JjqLXRLnC82JEzIvx8d6Psn2pnguI5nu7ucRxXS8priSQfeWdzEpxJIQFjklErNjKKrsAWABgFUEkZAQQ4acWkT4TPeJVhg6t2YOI1m+siE17I8dnhurVmur2dYpMrEszyMWYHGiOSXl6tZDnUQMjJIxmn06jS4F1MOHAiZtogw9U4VA4yI38OPFS3abgXFOE3FpDfXd2UDw3SrFezTQOqyLzeWGcRmYBNDqyqRmPUdLIxo0qtKo2zQRoRH1rxSbLXB+Yzbfe1410Vaue017JqEl/esrtrZRdThC2+CE5mhdOpguBhQcDANPim2zWCOEBPe5znF+YyZ3nfuHDuCfX3FL+4e4ljueIGIszSaJrgIsWrMfOWJzGg2BIPgDgkE9TGDTYAA1o8B9FKtUdUfnLjPeRG6wlM77j90SSl9eKpiWA4uJYy8IRUMcgSTSwcKNYJIkO7Ak7MApDRg9wRq1H1IlxtEXO4QDrrz4rnN2luvuwl7dqEiEQK3E0Z0nUzhtEnjDF2BY7uuAQOgQZTBJyD3BOc9zwJcbAbzeCTJ4n4L1b7P3Zm3l4Gskr3QvA9xJGzFWimj+0NGioCOZqXwvqLqDGJCobQgl5zaGAfUqF9Om6IEQ2x0Hrr8V0GDq1Q1uhaSZJmf7bhbxWr91nCg/EEkdAkpQ4YthXlOxcKF8MjDck61Ls50gEKuI/DVaIl7SN1wpsc4toloNp8uH1uVn75O1z8OP9bgK20jKol1HQzsRpUeQYtjSMhs9B0qNlJzzDdVg08pEzdVPst3i3MwLuihckKE0ltPljmgAnHmX+VMfTAOqnLG7l5V9rjsvcT8SjuooJmEtuiHmGJiGiZughYqqnXsNvM7711mx8TTZSLHGIM+/+yyMXhnucHNC/9k='),(8,'홍대앞 예술시장 프리마켓','독립 예술가들이 가판대에서 수공예품과 예술작품을 판매하는 비상설 야외 시장으로 이벤트도 열립니다.','서울특별시 마포구 와우산로21길 19-3',NULL,'02','325','8553',1,'홍대',37.5521,126.923,'https://www.jungle.co.kr/image/c4413567447598ef3ea311eb'),(9,'경의선숲길공원','녹음이 우거진 공원으로 탈바꿈한 옛 철로로 산책로, 잔디밭, 시내가 있으며 인근에는 카페가 있습니다.','서울특별시 마포구 동교로51길 133',NULL,'02','719','8830',1,'홍대',37.5589,126.925,'https://parks.seoul.go.kr/images/egovframework/com/template/gus3.jpg');
/*!40000 ALTER TABLE `place` ENABLE KEYS */;
UNLOCK TABLES;

--
-- Table structure for table `place_review`
--

DROP TABLE IF EXISTS `place_review`;
/*!40101 SET @saved_cs_client     = @@character_set_client */;
/*!50503 SET character_set_client = utf8mb4 */;
CREATE TABLE `place_review` (
  `id` int NOT NULL AUTO_INCREMENT,
  `review` text,
  `place_id` int NOT NULL,
  `user_email` varchar(45) DEFAULT NULL,
  `created_at` timestamp NULL DEFAULT CURRENT_TIMESTAMP,
  PRIMARY KEY (`id`),
  KEY `pk_place_review_user_idx` (`user_email`),
  CONSTRAINT `fk_place_review_user` FOREIGN KEY (`user_email`) REFERENCES `user` (`email`)
) ENGINE=InnoDB AUTO_INCREMENT=16 DEFAULT CHARSET=utf8mb3;
/*!40101 SET character_set_client = @saved_cs_client */;

--
-- Dumping data for table `place_review`
--

LOCK TABLES `place_review` WRITE;
/*!40000 ALTER TABLE `place_review` DISABLE KEYS */;
INSERT INTO `place_review` VALUES (1,'공연이 정말 재밌습니다.',7,'dong5854@gmail.com','2023-05-23 02:17:27'),(2,'가슴이 웅장해졌습니다.',7,'dong5854@gmail.com','2023-05-23 02:34:43'),(3,'우리 아들이 너무 좋아해요.',7,'ssafy@gmail.com','2023-05-23 02:35:25'),(5,'일주일에 한번씩 보러갑니다.',7,'ssafy@gmail.com','2023-05-23 02:36:06'),(6,'정말 재밌어요',7,'dong5854@gmail.com','2023-05-23 05:19:28'),(7,'두번 보고싶어요',7,'dong5854@gmail.com','2023-05-23 05:20:20'),(8,'난타 최고!',7,'dong5854@gmail.com','2023-05-23 05:20:54'),(9,'첫 리뷰!',8,'dong5854@gmail.com','2023-05-23 05:21:25'),(10,'프리마켓이 너무 좋아요 오홍홀',8,'dong5854@gmail.com','2023-05-23 07:21:35'),(12,'ㅇㅁㄱㄴ',7,'ssafy@gmail.com','2023-05-23 08:31:55'),(13,'난타 공연 추천합니다!',7,'0@0','2023-05-24 03:23:28'),(14,'1234',7,'1@1','2023-05-24 05:11:55'),(15,'11',7,'0@0','2023-05-24 05:15:56');
/*!40000 ALTER TABLE `place_review` ENABLE KEYS */;
UNLOCK TABLES;

--
-- Table structure for table `place_type`
--

DROP TABLE IF EXISTS `place_type`;
/*!40101 SET @saved_cs_client     = @@character_set_client */;
/*!50503 SET character_set_client = utf8mb4 */;
CREATE TABLE `place_type` (
  `id` int NOT NULL,
  `type` varchar(45) NOT NULL,
  PRIMARY KEY (`id`)
) ENGINE=InnoDB DEFAULT CHARSET=utf8mb3;
/*!40101 SET character_set_client = @saved_cs_client */;

--
-- Dumping data for table `place_type`
--

LOCK TABLES `place_type` WRITE;
/*!40000 ALTER TABLE `place_type` DISABLE KEYS */;
INSERT INTO `place_type` VALUES (1,'attraction'),(2,'restaurant'),(3,'accommodation');
/*!40000 ALTER TABLE `place_type` ENABLE KEYS */;
UNLOCK TABLES;

--
-- Table structure for table `restaurants`
--

DROP TABLE IF EXISTS `restaurants`;
/*!40101 SET @saved_cs_client     = @@character_set_client */;
/*!50503 SET character_set_client = utf8mb4 */;
CREATE TABLE `restaurants` (
  `id` int NOT NULL AUTO_INCREMENT,
  `name` varchar(45) NOT NULL,
  `description` varchar(255) NOT NULL,
  `address` varchar(45) NOT NULL,
  `phone_number_1` int NOT NULL,
  `phone_number_2` int NOT NULL,
  `phone_number_3` int NOT NULL,
  PRIMARY KEY (`id`)
) ENGINE=InnoDB AUTO_INCREMENT=3 DEFAULT CHARSET=utf8mb3;
/*!40101 SET character_set_client = @saved_cs_client */;

--
-- Dumping data for table `restaurants`
--

LOCK TABLES `restaurants` WRITE;
/*!40000 ALTER TABLE `restaurants` DISABLE KEYS */;
INSERT INTO `restaurants` VALUES (2,'박싸피','ssafy_description','싸피특별시 싸피동',10,1234,5678);
/*!40000 ALTER TABLE `restaurants` ENABLE KEYS */;
UNLOCK TABLES;

--
-- Table structure for table `restaurants_rating`
--

DROP TABLE IF EXISTS `restaurants_rating`;
/*!40101 SET @saved_cs_client     = @@character_set_client */;
/*!50503 SET character_set_client = utf8mb4 */;
CREATE TABLE `restaurants_rating` (
  `user_email` varchar(45) NOT NULL,
  `restaurants_id` int NOT NULL,
  `rating` int NOT NULL,
  PRIMARY KEY (`user_email`,`restaurants_id`),
  KEY `fk_user_has_restaurants_restaurants1_idx` (`restaurants_id`),
  KEY `fk_user_has_restaurants_user1_idx` (`user_email`),
  CONSTRAINT `fk_user_has_restaurants_restaurants1` FOREIGN KEY (`restaurants_id`) REFERENCES `restaurants` (`id`),
  CONSTRAINT `fk_user_has_restaurants_user1` FOREIGN KEY (`user_email`) REFERENCES `user` (`email`)
) ENGINE=InnoDB DEFAULT CHARSET=utf8mb3;
/*!40101 SET character_set_client = @saved_cs_client */;

--
-- Dumping data for table `restaurants_rating`
--

LOCK TABLES `restaurants_rating` WRITE;
/*!40000 ALTER TABLE `restaurants_rating` DISABLE KEYS */;
/*!40000 ALTER TABLE `restaurants_rating` ENABLE KEYS */;
UNLOCK TABLES;

--
-- Table structure for table `star`
--

DROP TABLE IF EXISTS `star`;
/*!40101 SET @saved_cs_client     = @@character_set_client */;
/*!50503 SET character_set_client = utf8mb4 */;
CREATE TABLE `star` (
  `board_id` int NOT NULL,
  `user_email` varchar(45) NOT NULL,
  PRIMARY KEY (`board_id`,`user_email`),
  KEY `fk_board_has_user_user1_idx` (`user_email`),
  KEY `fk_board_has_user_board1_idx` (`board_id`),
  CONSTRAINT `fk_board_has_user_board1` FOREIGN KEY (`board_id`) REFERENCES `board` (`id`),
  CONSTRAINT `fk_board_has_user_user1` FOREIGN KEY (`user_email`) REFERENCES `user` (`email`)
) ENGINE=InnoDB DEFAULT CHARSET=utf8mb3;
/*!40101 SET character_set_client = @saved_cs_client */;

--
-- Dumping data for table `star`
--

LOCK TABLES `star` WRITE;
/*!40000 ALTER TABLE `star` DISABLE KEYS */;
INSERT INTO `star` VALUES (134,'0@0');
/*!40000 ALTER TABLE `star` ENABLE KEYS */;
UNLOCK TABLES;

--
-- Table structure for table `user`
--

DROP TABLE IF EXISTS `user`;
/*!40101 SET @saved_cs_client     = @@character_set_client */;
/*!50503 SET character_set_client = utf8mb4 */;
CREATE TABLE `user` (
  `email` varchar(45) NOT NULL,
  `password` varchar(45) NOT NULL,
  `name` varchar(45) NOT NULL,
  `img` longblob,
  `gender` char(1) CHARACTER SET utf8mb3 COLLATE utf8mb3_general_ci DEFAULT NULL,
  `grade_id` tinyint(1) NOT NULL,
  `nickname` varchar(45) DEFAULT NULL,
  `age` int DEFAULT NULL,
  `join_at` timestamp NOT NULL DEFAULT CURRENT_TIMESTAMP,
  `last_login` timestamp NOT NULL DEFAULT CURRENT_TIMESTAMP,
  PRIMARY KEY (`email`),
  KEY `fk_user_grade_idx` (`grade_id`),
  CONSTRAINT `fk_user_grade` FOREIGN KEY (`grade_id`) REFERENCES `grade` (`id`) ON DELETE RESTRICT
) ENGINE=InnoDB DEFAULT CHARSET=utf8mb3;
/*!40101 SET character_set_client = @saved_cs_client */;

--
-- Dumping data for table `user`
--

LOCK TABLES `user` WRITE;
/*!40000 ALTER TABLE `user` DISABLE KEYS */;
INSERT INTO `user` VALUES ('0@0','1234','어드민',NULL,'M',0,'어드민',0,'2023-05-24 00:09:40','2023-05-24 00:09:40'),('1@1','1234','브론즈',NULL,'F',1,'브론즈다',1,'2023-05-24 00:08:32','2023-05-24 00:08:32'),('2@2','1234','실버',NULL,'M',2,'실버다',2,'2023-05-24 00:08:32','2023-05-24 00:08:32'),('3@3','1234','골드',NULL,'F',3,'골드다',3,'2023-05-24 00:08:32','2023-05-24 00:08:32'),('4@4','1234','플레',NULL,'M',4,'플레다',4,'2023-05-24 00:08:32','2023-05-24 00:08:32'),('5@5','1234','다이야',NULL,'F',5,'다이야다',5,'2023-05-24 00:08:32','2023-05-24 00:08:32'),('6@6','1234','루비',NULL,'M',6,'루비다',6,'2023-05-24 00:08:32','2023-05-24 00:08:32'),('dong5854@gmail.com','1234','이동영',_binary 'data:image/png;base64,iVBORw0KGgoAAAANSUhEUgAAANwAAADGCAYAAAC5F+58AAAABGdBTUEAALGPC/xhBQAAACBjSFJNAAB6JgAAgIQAAPoAAACA6AAAdTAAAOpgAAA6mAAAF3CculE8AAAABmJLR0QAAAAAAAD5Q7t/AAAAB3RJTUUH5gkTAAEAWm75fgAAgABJREFUeNrsfWeYHFfR9anb3ZNnc9JqpZVWOWdZsmxJzsY5Y2PAGBNNMC8ZTHj5SC8ZTDKYaLINxuCck2xJVrByXEkrrbQ5Tp4Ot74ffXumdxUsOYAN7ufZZ9OEnu5bt6pOnTpFeON443iJhxA6AGgAdAAGgBCAgPreECwpH2+EwmPM1OA4TTdqmPkfVj7zS6Hp2Xw6+V95zfRgJLbAzuVsoWv7wBiwrPwbK+mN44hHsKQEeTuBSKAy5JhmnZ3LNjIwFkAVgAoAIwHUuj9zvZ1LV0HaOqQULKXlOPZ6SAZD/tdeQ52l/BUAIqE/5jj2QwSxTtf0LsmSHWm/screODxPZlipzAgBfZJppU8GYTEzTwNQAyIDAPmfQ6RB2hZsKUFCA0lnmya0v2vBcDaT7P/vNTjHtk0G5kjHnsKOvISBtayJ+4Lh+AOGYbQP9nS8seL+GxeGEQFI6OyYo5jlDACLAMwCMFk6TiMImtA1gAGWDAa7T2QGiCB0HZphQNoWHNvqY5a3lZRXrDPz/90RlEag6ULT5hORBuZSEmIKkVjCUi6UtqMHoyWtp/6/27PJfdsQKa9Gpr/7jdX4H3aUjRyLWGkcHB9BUkIEK2qqWdJyJ5e4gVl+gIiuBXAWgMkAyplZaJoGoRtFQ5MSEAJC0yA0HaQJgBmOY1tS8p8c2/xONpXImLnMf/W1JiGM64Sm3QpwSAgNgWgMEALZwT5mKftDsdLnAyUVt9qZ5ON2sj+px0qR6ut6Y5X+RyTwJbDzCQCa0AKhMkRK58lc6oyAYy6LhtE4c1xlRY8ZDW7d0QJIB0TkCxmFa2zMwxcUwCrAZGZmXsfAtQB28RspCkBkTCDS1wjSWNMMDoRjHIqXsREMM5FgoQecQCTeE4qV/SwQjs0kwKA3Ltt/QnADQCdAVAF0BUE8GA8HemZPKM9/9Jrp8m8/fQt3tt7H//e1TzGRzgTBQugn+tUhhP5mIXRN5YFvbHJE3A1gNUDzGYBj5iFtCyQE9EAQjmUKK5uuFJp2g3Sckxj4KYBHBXAAgCXfuIavs8MAQAIwawDMEoRrK2LaxVPHVcUvOWc2nX/xyRgzswGByFQMdAq0bXsOYMcNH+UJ3e1+AN8DcC8A543rrgyuurp6oLOz82Ei8eZAMFhFgtxwgSWk40DTAwAA28pr1SMaZk2Z2Pj9Q81bVzYf7PsLgH8CaA/pIeTs3BtX87UdywCgIGCPA3iBAM4ZVRs7a96Mhqrzz5yE08+ZiTFTJ4B1DSx7wE4nNj37GB54ZDWEEYRuGDBzGZAHRipw5BjGdguAnwFIyzdCyaLBdXV1QQixiZnXOrZ1rtA0gB2ACLaZB5EGqMT4vIsuwyc+9M7QM4/de9otv7przratW06Hlft9zs49CiD7xuV87R3xkVNgphOx/GDXPLB1VljH8okN8RmL5zeVnH3+AixZuhg1Y2Ng7oFj7wXnEoBWgXyuD/c++CyaO02ANFjSGYL7kxAqfePhb5kAcKsyuIE3jO2wkJIghDjkOM5j0nGWM3OIHdfghBEAJMOxTQCM+ppqNI2biKZxH8WUhWeV/eJPf73qH3fcsTDR3nIPwD8GsOtId+CN419zTDrtMuzesgENIodUpErk0oMN6b6+Zcj3n10T4fkLZ41qOu3MOYFTl87G+CmjUFZLAJlwzBaw7AfYAigATR+LwUOdWL16PxgEQUJFPTwUHJEMZgZpGlg6gOQ8iP6sQsm+N4ztCAankBNL07QnSYit0pHzGIAQAuF4OdixkU0OQDoWHMcGS0Y4HMLSk+Zj4uRJOPf0pWNuu+VH71313FMLctnMt4UQ945btDzff3A/eg7seeMK/4uOxeN+i+ef+TCkPWgcLK8fgUTHNZqdvLwqRmPPOG1yxVsuny1mL5mK6lGjEIwA7HTDsXoBzoEhQdDBYAg9CikDePLeFdjQPAgiUpHj0H1UOk4xVGWG+yL0FIDvAuh+w9iOYnBS2jDCYRDRZpb8kHTy0wkISsdBLtGPQCQC3QjAcmwEg4Eh0HBdaRxXnX8uTp49M/DtW3560p9u/9WP+rq7F+9e9eTPhZR7CHDecHev7iFEEESCVu65Lg5gIgHnBzJd54+uiUxfumhW+PIrLsTCZaegvFKAtF2QVjPsbBoAgSGUIWkqx2MQlcFMpPH4w1uQzjsAaa5nk/IoORuDpWRmfoFAXwLRrjfuyot4OM0IAraVh6bdJTX7HIflPLCE41ggoUMLClhmDv2DKdhyqAnpmsCY0Q34+pc+R5PnzKv73ve//z+Htqw7OZ/LfF0I/VGWdjYYKUc+0//G1X5FDc0AkS4cJ1cO8GwCrqwqD10wunFUzfIl8/WrL1tK0xecjkC0HAJ7IJ1WSNMCsw6XX2wBkCBoymzIXQ4UR29nAhsO9Lg2JjxHdgRjU8CJEYnvYSk/Y2YSq4uV8DeOoxpcZqAHkVgFMsm+dboW+BsYk3QjGBOaBhCgBQIgIfDcgS4cyjmYFDlCch4N4z1vuQwzp08VP/vpbYvvv+fvPxloa/mFpgduJ3DLG7ndK3NEy+pQUjmCeg/trTBzyVOI+OIRtaVnL5w1ceT55y7HaedegIamBQgaEiwPgJ2VkHIAgKVuQFDhW1LdEs+i8iAtDCKBF1ZvQEtnBlzEJI94MBhCiBYjGPpiacO4J7MDPU7f/p1v3KQXzeEAZFJ9EEKHZHkXwJcT0Tw9GIRt5iGtJNhx0JPOojcvC0SC4UeAgKWzJmPcN76MRYsWNNx2y/c+t3XT+lm5zMBPwiXVzwDIZxNvUMNezu1KD/SUpAc6zwD4kop4+Mxzzj65/qJLL8XSU0/FiIYpIEGAkwDbe8GyGYw+FTIaihViwV8WY9gqD7MhRBQym8Sjj6xBKithRGJw8jlAOkf0cATay1L+r5VN3dW1fZ1lmW+Uho7b4HzHHgB/t838NCmdkJQO4EgwMWBbYPvFk+GRpRG8/61XYvbkcfq3vvuDi++/+6/Tcqn+v4lA7GdasGS/k0+8ceVP4AjFyqAHQoH0QNfJLOV11eXBM09dsmDkpZdeSmeecwHqRo5zjYozYCcNyD4wd4IxqDwZAXCpWW5IqYFhg9TtZ5gAEUiUoq89i+Y9/XCiIxCNCKS72+DII26wO0D0eSmde81MJvff3HLzkg1OShuaZtgS+C2Yz2LmpUJo5Cg2eLq7DelMFkD5i7+wruGUk+aj4TvfECfNnjTxj7/88Ud2tibmOmx8A8AzANlCGJDSfOMuHPHQ8NTbmnDWn1q0iJWemMml3ltdFrzo3DMWjLr6mqv1WQvOQt2IURCaysc4A5YZQCbB1AfmQQAOmHUQ2ernPMBZFUqybwmYAAVAWhTNW7djX0ceWqQK+WQ7HNsCFRK5wrEfwGcB3COEZr+BSJ7IXR0eJpAAmDNE5BBwNpgD3v9i8VJceeGFGDui+igkg6HBJhGhvLQEJy2cj5NPmmyY/QeaWlsPLsmaTg/Ae5kd641bcISbogVAROLXG7srJMs367r49pyZk8/9/P9+supDH7lZTJ+9FCWlVQrQsAC2AZYA58HUA3AXCFl1L2zXoGACnFE/OwqTZPUzQeghCNbxzz89h38+0Y68mYWVGnADx6E3uwvAFwHcCeC/3tjiAKLuVdak2+kegxaLkxGtDFXUjRLgBsfKB0PREllWM9I+IqOU3C3xIWZ+HMCFBSMa7IOW6j/MsF7sCAajmH/ypfjepFli5u/+MOHWn93+3ebde8c4kn8L4OAbJjb08juOWQngpHhIXNc0tuFNV152ZvTad7yfRo+bA0EelG8PBT1IgigAyCgYYYB0ZXSdYPaMzvY9jxVKqQMgCHKQ6R/Exu3dSKRzkMJ0G0eJ/BzKXrhF7T8AsP4bjU3oLrAvbTsKIJx07a0eQCPpgYmxmobpY0aPrgyUVZWMHTe+dGDvtsDKpx/vy+azK1P9PX8+zOCktL0O324AfwNwOsBRADCtNExz4BgGdwwjJEJp1Th88KbPYULTuJoff/8bX3hm5daZqTx/E0bNJkjTgvPfWTowSuqghUuEOXCoWuYzCzTiKyaOb7j4onNPKbvm6mswc9GZIBHxGQz5rrXiNLKubK8UJG0w0gog8cJGG0X5EdfoSNXfiBMg0YD+HgcH2pJwSEDXdUA64GIZyDO2WwD816AjkXgpwqEIUulkyMxnq6VtNwCYSiI4rXFkxYiSmoZRKb20qSqiVTXU1xuTTjoFi6eMQ82oUWga14TkoVZ8/3s/bPjj7389fWBgYOERPZyUNgRpDoAnQPQEgAsAhi5z0Lln2A7rj07Fi5w+QxcC5110NaaMrwn88Ac/uvzOfzw2/lBXz88QKvkrtHgfzP8ucRkRryXHzE+yEnuXAfZpFZVlp5577un11197FZaedhYCoQpfuC5QhPM1399VUZoJEGGAS90wk2wwe6ikepz7ri5qCQmSPa7tijp0tjejs3cQCGiANH1skgIZ+YcAMv8Nns0IxwGgNJuzJmQy/ePg5GbDiEytbBwzeWxdZeOUGXOCp580A/WNTcjH6zCmqgQNleWIxSIwRNHxVDeOwpe++FkwWPzytp82HrVJiTUNbJutgWD0j1I68x1L1knbhpXYDpYW3FqOBTCDRBAQEbV7ihcJORlEGpqmnYkvfHWcNmf+b+b+/NZff+XZF9rmg4I/FYHYRnakZOc/tzO48tQLUV4eopYDyfH29pXnalbqsqnjyuYuWbKoZNHyi3De+Regrqb+KNGD5tvoSF1vUkYnQBwAQ1cgiQmw6ToktpVRGj7jy7vGKEoAaOjvbkMqAxihCDidAUsHJEQSoJ8qY0v8pxqb0AOQtgk9GCmTjjXbyibnA5gXNEKTShvHj2yaMat69tTJNGfxIswbMwKNoxtRWRo7RkzHhU2yvLwM55x/Pj/40MP5oxucbSJSUs5CNx7MpxLLALwrZ0mtY+8eMKdB6APLJIjiYBl131iE1AIQvoWAYd+LCFl5dROuvf7TmDR+YvXXvvZ/73jkmW0LTY58GULcww7+U+FLvXfD8439Ur9Ml6lLp42Q06668rL4eZe8mcZNXIiS8hHQNH2YUWGYh/L+JofeYHZcAjJnAaRVFOK4jy/kfgLgLIj63GdRCIQAAIlMIgHTAtixIKUD0vQciH4Hx/keCP1S/ue0tQVCMQhNg5lLC7AMEtAE0k6Ttnm6phszR4xsrJ0weWp0+fLltOjkxahvGotRFaWIRkIwjgEUDo36qPD/qvISVFTXpo/ZhsvMSPV19wtN/z0zltgS01t7DbdYKhIA96g2ewFIAnk3lHTX25FneNoRTgIAHGgGYeHyy/CTxibjlz/+6qyf/eHJW9q7MlMB41bA6nZV1zpf7/unck2yThPi2pgcvGbSyPCEK8+dGjn/mjfTmOlXIByr84WMzrANi315m9/w2Pc/Vl4tB6Z+sGx3OwDgKO8GhWSmQTwA5HNg6KAwgciGlSTsaM6hb3AQdt6BEJodKqt6QNr2twD05Ab/MwgL6oqSlUuHiKiWWZ7CoHN1XSyqqGusmXnqadHT588US09ZjElNjSiJxREOBYZ5Mh5iTEc3vuKxecsOPrR//6FjGlw2OQBBOkpCvGIwI/7oOM5nt27bEbPTLdDimgpJBgCSgDTBUgeEBpABsAGikOv1iI58ImyCnQSALEaOnYRPfuXrmDb9h/Xf//4/P72xuW9yMouvQSR2ggO2Gxq9vo5gw1nIH3wEIKOcOH9GdVT78PQZ9Qveevns0JnnzEXduOkwwlMBqQEy4eZfMI5gbP4cjjG0jlbYHVV5YADgLvc78kVPyO5iYJggOGAyXINjCYggLLsM3f15ZHMWQEIKoic1IW6umX1Ki7RMHHjuvte1oYUicQAI5LOpKmaeCPBFDHF2pKSiqWbMxMCCU07VrrrqSiyeNx3VQQOGrg0vhwzb5I5kfEc/9u3dy6lk35oXFZqQbCOR1UGEP0rJp7Xsbjmjv32tqItPAcs2tQgC7ttRGMSusYHDYIqBuBSgCoWyGb5F44CdJMBJMNJg2YVgKI5L3/4BTJ0+LXLrT/9w9d/v2zy2tTv7LQAP4hVpcG0AkEZpaQkxQ0skenQg7aE9Otw6Shguu1dT30lh6lLFaBagpREoSyBSlYeVZqSPUNmgIPKHVkQAMT8E8y1zpo286tqLppdf+raTUDex0X15TkDaB0EIgDTd592GgyI07GZ7Xo58oWQWLPvA3AKW+8E8oF7Le5xbHCeY7n0I6hBsAU4SpI2FplUgaACC4Ag9sILBn8oOdO/o37kOgx0HXreGVlJVB03TQ9lE/7h8LrOcmc8nzVhYMXJ0+bhJU8Rp55yHc88+C3MnjUE8oB9HsYtwIiUxABjs6MG+7dtzqVRqw3Epu7iJMh0A8NPu/vzsPTu2VY+YVAFGJ1CAjXMqhPSMKgRQGEylIFSAZQ2IygEqcSFszgFIgimpFoMEO1kQCUxZuBRfbhorpk68c/FPf37/d3e3DAQCJRV3wcpZA9n0cQVwDIQYiAEiDCoPgxEF2ioAWT042F8jgHi5jkh5CEEAeiAmoqShxHa4RDJiUkIXgsKkBYSElnFyWcfOybzpIJe0nL6c2dsKs3c3QHuBwCEAhwAj87Yb3073/OP+0oH2zsmQ2fMaKgJXn3fGxAnvvfHNmH3KBBC1QFo7ITkEEo0QIuZeMyY35CM+xg0+Uh4nXAaJHABzM1juAnOvur6G+soDclABVm4oT450rzuFQHoFevdtwb6dB2AzHmaIz4yeNnlT174Wfj0aW9XoCWicfxr2PHtfLDPYP8cyc8vAfGEoEps1esqM4LzFp+KMM8/ESbOnoalhBMLieF6VD8vLjpyzHX5sWf0sdr7w/B7Hym04fiklPcKw0090DGTu+/MdK98+Y3GTiFc6cGRGJd1wUTHk1RunXQfBfWDsAxACUSlAI0FUph6TcZN8j1wLArMFtgZQUlGD62/6ECZOaRjz7JNrPr9xW3fp6u19604eN7Fz797m7I7WtAkSQmhCl7ajA06UgLHQQk1SOjVgqw5AHUGWNNWawZnT6qMI1ZXlTSoNBePxqvLSwMTRlTSyUifARLAkBCOgqdDL/S6MIMgIQDoWrFQ/sgM5pLImehJ5NDe3ckdbX6KjM9fR3J5pT5jmDoA7fnf7/RrlE2OrAtbMU+fVT77qzcsDZ1++GBUjQnCs3XDsbhBCEFo1SIxQG5MxxICG5mriRXIFFyhhTgPcC+Z+N7SE4UqYgFyQhLOQ2ki3FIA+lQZIaKGFSBwi/PLbv8Ajq/atksCXcPqlG1se/QvgvP4QSaEH0N+2Pzxw7+9OZXYuk5a5VIRi46bMOSlw5WUXY9npp2HapAmojAZfBGGkYxgbHwGPOLLRSSuDp9c/hv3d+9cC6Hgpinezx4+I/v4bXzl32mXvnAsn3wEpPYNRC+AIoRB5ERqFXeMrFGEDLo+PIgBF4baP5MCyC6SFILQadLe388N/v7/nF794umvPwWx/Z/9gwmbKANCEoGBpWAvKYFlJaUlp5Zi6krJk5YRwY+PY4OSKmAhpJmZNKMWkqeOghaIABRAIVCASDqMkFkYgaLl5qJYsgj2F9hXhbgpIA5x3ydsOw7IJif4OJAb60NPWj81bO9HamnB6DvbYG7f3wsmmAh/64Jm05LzlaBhTCuj9kOYBtyZGBghREFWBRANAdSDUABQCRMDNeylwhJqmJ97j+GpxDJY5QPaAeR+Yd4Nlt/qfru5FBoAFklkwucZNchDMJrRgEzKZBvzwf/+A79/2zPbOtPNxwHgQsOXrqZuKyBMugMHMC5jlDULTlhvRsjEzlywXl198IU5fugTTmkYhEgwcpxd7MW9Hx3h8ce0/t3k7bvrwjZm1Tz75XgB/eikGFwLwwUuXj/7qLT+6JtAwJQIr3+szuKMdGqiAwqmUiQIqTQqAKOZ6Pgq7nEBOuPA2EYRRhUwqhOZNm/CX39+D7Xu7QLGJnLWiVFsTx7J59QhVTERdw2SMGVEKK1KO0kgMMUOHJhgBQ0BoRjH0RQaQKTBnFcjQB0ZWLWYGI+UaGLx2Fs9zm94dhtAMN+9ihm2GYObLYWaT6Dl0CLAtjJ0xDyJEkOZWSCejwm23bkaIABQBUTVI1AJcAlAchDhAUZAWUd5JDIP9VY7Hpmu80gI4AcZBSN4DcI/yboopySkQkuq1DBCnC69BRj3yZiNu+9Yf8ZUfrtzf3W9+GtDvdHtxXh+eTUcUEjZJmGGAxwO4XhPaRaHyqtFzTz1Dv+rqa3DW0pPQWFmOUEA/TiM7Woh4pMcxjkX2sKTEN390G770hc+tsgZ73gVg6wmqcwoAMgfgrhVr2s64645N5974qXMg9DSkYx3zzQmOaglRRVpIlbPYanG4uYirEuZ+kQgp8C2HaCyEmSefhkmz58N2goA2hZhj0DRCwBAgoUMI/eikas6DOeWGsE7O7RMTPYAcUFiIcD0rm4p76Hk5zYfyFUEN28kUbgKRjlB4AJF4CGXVbpjo2F1wcn2ukZJPwqBwjaQLbEgbRDkAprsvSnIbP0kCIuB7rsq5ZB4sky5IQimAEipny6uN1Sh8DvdixFXUEFT7bg8o2ATHGoe7bvsHvv7TdR3dsu5bwIG/AvS6MLbKxkkQuqH3tbZUStOcBfAluq6fU1ZWMmr23IXGW959I849YxmqSmIwNPEiBkbDkOATPY5uiP2dB7D92XtgDfasBtAKHLkf7ljwibsARO2+7nTbL//y9/UzF506sX7h6Q2Asx8MQ7XqH+5m1dJU37lQlCWPCUFp1y4KtCNDtZaUAhSDtF3mezDUhJA+UoGJJ+CgSYC88xMMcATgQJESBc/QHOXNWP1sqc/tGR0XPov3/swSjp2GY6ddL0MEQrgAdLqbjR9htJRxOGDP4yADIANGGUiWgSnuvgYFVagrVfiYBiOh6qC9AKcBTrrnSsI9d06D4Cgji7nGyykwBEivg5Dj8fgdq/DN7z7S3ZHQ/w8R/eeonW6jc9Nr2tBiNY0IlVaL/v1bqx3bWQ62rzECgWXVDWNK5i5aJK679BwsXX42qisrjyGZeaQQkI4zlKTjRCvdv2/bcQDPv7C7DcBTABJGMIIT159mB3DaGMAjL2zt/Mtff7viAxOnXhsorSmFbfYDFDnOnYJ8huiAOKfACk0tdBNEcTenQSlA1a7xiZhrICRxhO6iY7yXoYzOBmuGW75wDDAiAHUBnPLloEJ913yhnO0u+sMYHhgKdpD3s/AZrasXQpBgWCBY7usxAyTAnFN1sz6AYoCoAdEIsIwDiIBIBxMp5DEBUMJFHTkFRq/aKNT7cxqEPNwmUwIhAcg8wDkIfRQ0mo41dz+Lb3/zLz3bDw5+B8DPkO97TbdJlU1egGA8LlJdXWN69u8+FWbuTeVx7cw5M6dWLlh6ARYsPRsLF52EUWWRIyC59CLGdoIl8+N8XDadwbNPPo2WA21bAWwkocPKZ/DSBd9FYDAr8as7H9y+YN6CJ0+5/L2nQOhZSMdSYRODj2kQQqGbQnkRzyhI5XRlIBoBUA0IlW5JQUQUfcw4rur+4RdCB0gDwXDzR9YAqbiH1A+iBMCe5kdSeR9DRR22OmfvXeWQVy4GFjqKRG7H9xgGw8sRvTqb28tGBQUt031vmQeErl44D2ZDsUUcBeAMAkiBkfMZm1tnA4XVeYdUAKM8tFYPTZ+ILY9twJe/+ufEE9u6f2q5svWvaeZ/rH4c7ERfbbqr42I72X15WRALFi2eWn7JJRfhrHMvQOP4edD0YAGtBfny3QIIhqMgi/QieRy9SBh5dGNM7tuDzU/dZ1r51KrqhZe0DGx7Glaq76UbXGlVDcbOWrJ106N33vrz256eMGvB+NpJCxoAe5sbyhRysSMtfSrmRkO8heUagSgBiSYQjQZQDhJh10CGXMCXumMpwi8LQBhuWMlRdzEzAMqp83NUmJkfarAQKDZ1Sh8gRGBIpfHoJxgXc7ahm0ORwuV6Ig9Usd1cU3aAyFSortqY2FLXKAfmtFsKUNeQuA/gQTBK3bCUggD3AeyARBVIn4btq7bg//3fb/MPbWr/rQn6IcAJRMuA9MBrBwjRy2Hb/RAIQAoZSLXtWyQ0+mAkGDjrnJNHl111zbU49YwL0DB6IvRASEUKueL1ZXoJHupEvSAdc6N3bAerN2zFpq2720BiVffaeyQUD1V7qRcmn06gY+8eMMServ5cVbpncM4pi5v0cHkJpJMEEbvGQ9oRQ0zyTprgggPs/V4GQRNBNBEkakBaFBBBn7G9ErN7pGswbKrFChCzKjpL35eXw7nIJMhwz4Nc86KCoQhfjuZ9NvKBHUfaWYciYOTnnJIEkHUNDzk3T0MOhBQYCbBMAUgq5yQApACk3LyNGKRKK5CdIBGCCEzDvs078ZlP/CZz/8qDv8k79FWAOw2jFDI3+JoxNi0QRiAWgbSsgGRrKrH8ZCggPrVkRu2iL3zqisiHPvVJLDr1YlRU14HQBThdat1IRdo21TXwUHBxFCCPXoF1dPTnJ3J5fPMvd/OzTz7xBAtxqyCRZWVwL3OGUA7QIpm05dxyz+O75y6+fc2yt3/6KiI9D1hdbliEUDGsGeKybZAWAFEAMp90PYs2HiRmg8REQFSoBa6dQFJ7IgZng9lj0gcV6yKjbqDKsYbUs4IFJNMNL6WvSE0gJczjHkEU21/8OZ6mwlJW+aAzzBOSD711lNHlAERV/sdKblyVKpjcTYIZQBxMjtp3HQCDgKiACExER3Mbvnjzn/IPrDz0h6wlvgzIdqAKltXzmgofHS2KbDJVB8d6m6HjfRNHlzW88+rlgauvvxJ1jdMg9EGwsxrSCqvNRneL+tIo5txalQKa/EVqOo7i9ktFJg8PP9sP7UXzcw/129K6T0rZGzaMAi/x5Q/tcjIAqLV90P7mr//w/LhZ80ePmnPuRNh2HyCzIJJgCvh2e4bQohB6GdJ9OZgH9yBaRjDqpwA0F4TxIFHuerWX7oBf/IJ5QAj7GmnZUaFiTnkX6QM+VD7GriYIwwEVjC7oMyRSm4SlcinXwAlC5XeHk1+LIazX3+bVnYtyWa6sP/nOR1PIaQ88VgnDAHFWIaVhaMG56Ouw8bWv/NW8+4l9f89a+F9UNLQj0QnYrx1jC8TrABJhM9mzUEB+aGxt6Pyzl08NXf+eyzHn5LOhBWyw3AfHHHSvMamcDRJM/b5QvxrgkuJ9eBlh4fE99whbuXTw/BP3YffGzQeklE8AhKxl+WqHr8wClgAeX7en95u3/PSxr3557MSShklz4WQ3gGUGJDSwAjq0QC2sfAT71u5Fpqsb1TWTUdJ0OoTRCJZBl+R8+Iz2V5qb4Gp+sHC9DLttLSAvH3CBCNcDOsVFznnlXYTyaLJQYxwyAo2zYOSHhC9uyGn6QhweAqd4KKh/IRA0ZeCsjNpDURV1q8AkCSkv6KhCvgktMA3ZQQ2//M6f+Y5/bnswnXNuBtCGvtcON1LXQ4jFymlwsKuBGVfGdHnjyXPrxt104+U44+KLECwNQlrbIc00SMRBIqp2HmVsbHqDVt0wn8pUPdJSa0h7EaOil7eGjvAaZmYAzz3znJkx7UcBrdUIBmDli7z7V9KFOBaj5cChwRGanZ89b+E8CpWUgR0bDA2kBWCExqC3NYTHf/0omre0YMqii9Aw5+3QIxPgci1DKlfTXkXvhmGgBStZENsNAUkZCql2l8Jl8tXkCgbhXWyvoK8XQsMj77JH2xlpGJjCvryOCu/NyKuSgpdj5pQhRnx/syGMiYDZgL/9/C/4yW1PPN/Sm7sZurE1CB0Ov1aaSAWklKFcLnmhgPzctNGx69779pNHfPIzb8fCc86EFshA2jvA3K08vOkKJcED0Fx6HKgEREJdF0cxliIq19YxtNXpRMPGE3/eutVP4dbbbu/v6El+lym4W1pDlQu0V/ICApzOWrzv0P6uSQ2V1DRl1nyQSIC0OIjGY+3T2/C7H/wFmt6I06/9FMbMOhdCDyvIWx+m7vtK5G1Hu2jO0HCSAEgPtGFVr1Nez1MqZttXi3OGQD9UKAOEfGiqVgSGhhjZ4QuADmvQ9fJCMQTWpiFoqTI4hqp95gBOgrSpIJqKh/92D77znX9s29hq3+wsuvSZkJmR+eS/dza7ESqBZoQgHRaAMw+QH6uK6TddesbYhZ/+7FuDV7/rHagdUwFpN4OdNvUZXbDMXRq62pRjcMWywupn75LpIMRBVFIEuArrQLwMTza8O4COuL7ytsT3b/sTP/zwIxvMfPb77/vi99Jrn7x/qFd/ZT1GDCOR2rynM/fNn932+IixTQ1TTzrnTNjZAdzz2wfw8188gkuuvABX3PAZVNQ2DSsLOL6LQi/zIp3oRuHdrACYIoUOBlepOKdCSam8jKPOUCp00lfCJ7t4AzwlrUK4eSSu3ovtouy7Lp6hqvxQqXARsqqAbkFo5SAxBWseeQTf/OYdu59tHvwi0PQwVt3v5PDvVbvWAhEwSWGb9ggQvT0SEG+bM7F03HtvOCfwpivOQ0VtLYi6YOe71Oc2fECTi04Xid1qwyHHZ5QB9Rx9SJQw9JprL8HYhm/6dNSQNNl6EDuffVpm0+nHAAze+v8+cngY/cpe1hQOIQKg/NGVW9u+8a1v3f2lr9ZPHvPw/c/gttufxcc++gm89bp3Qg+W+4yNiyABkW9xHQ9CdLwXbLgUgWqAHXJDpMrJPA9jqXYjN7x084Wh7+3lcOy9tgpBi50QUOjisc+PjzIC20Mxi2UGXfFR3V43QtAFEDgNEtUAzcWq+/6JL3/l9t0rNvfeDOAuYO+/VYO8dOIilNSPps7tm0vM7pblAcrf1DQiuuj6q04OX/vuN6OmaQJ0ow3S2gLJXq7jGY/mgm7s+EpCXi5sq5RXERU4BVCFe0+kpVIE3zoi3QdKvTzY/2jHoedXo3vP7gFAPoPG6Sb1HAQPq3Hqr/wlzgDISCnxu6eeb53wgXfe/PEeKxz64Ce/gLde/y7o5NGk4KufcFHkhqUP0qUjhGL0Er2Eo7AduOwNmSmCFOzpOHrezCt46/AaOKnAEAGO3p7BRS9EAXikZ68ofuLkWG9jkHA5mVAbQ1CxZeLuuWk1EDQd655Yhc9/7hd7Vuzo/5wF/BX/9h4bwuCuVWJwz4ZZRMb7K+PiirOWjC+76caLae5p58EICUh7I5x8jwI5Ar5TNgFoYCYQuZ6L2QTxIJg0l6VEnsx7WglbRQD0A0RK7oN9ZPhXsqx0+GGZNu5cswY7erpXAtiM/VsZ5VVuW+ira3Duy9qMkX0ZZ2Jrr6X/v698DG9+y9VuYivzvhDLHzIVpd7cGePKExWMUfMZnDiBnYiLhg0bLE3AScMtFrt8TCapyNNZVd9SnQLEakOwfYVtGurVhi0wKuQVimqk0FnXYOUJ3nQatmlQAdN0N4oESBsJIaZg/ePP4JYv/3zfqp39/5t3/v3GpmbDVzPz+SHNunHRjIr5b7vqZLro2gtQNbIO0toDx1S9ewX+rUdcVwBWARDSlAGy25bEAUBU+pZvVL1fDkCPikbCbl4u/EDcq3fsONiJx7fskql8bqUuKMGkwenvfrVDSi9Opjhg3zS+Qb/gSze/S7/ymne7zHjZp4RuzOJjKQgIA1RorFSGVZBk8wxyOOp0AmRSlgr6L0rIufUbn1w4+3RCSAMhpBgdcOtqTMexht3XIoqpOl7eVxZ4OZGdR4TOF0oS7p8NaDQSz9z/NG777m096zYe/IZj4y+jdMjWf1OXTSBQCtMcBINnE8sb6+L6lW++fHHZez5wOabObYTkLOzcRsX79EtyeJGPv/PdNbyh5Rk3Z3O1WYKuV6QYgBiKdDv1eoUURXv1fIs69r2wDh27t3UAWGVLzgajITjp1KtncJGRU8DZPhiReCRxqOX6yQ2ht//vZ94Wuey6j0BQEmztcgu1FFKOIgAgBuIYIEMueZeEWtyu9gZ7PWRMKp+RqrvX3ykwHPXzJ8s+ehabgMyCkQQoOQzMMFGUBSdFGM4qL8WFPIqPo5jKyAHc7TNgFEoIrk8Ux+g4OPrrUmH8hgHiPEirgKZPx6qHH8dnb/4N9rcm/zSpcdSf9d5+a2Nb8iiKU68m9qQBkmGaqTBAF4LlTYunVS348I1vMs6+9DyU1epwrB1gOajQxRKf5/aWIg/72RoWAfmVy2xVb/Meq/I+EiB29XSIVNhJr653S/f24bmHH8DB/S0bAW0vNIH8EYztFTO4QM1YOGYeomxcKHFgw1snjtA+88XPXltz2Ts+BkPvhmNvBXOroiKVgWC48baoAHMUxK7sAriIQDGMgvGxx8ck0zVY8sXkQziWvsZWSIUwKo/KGbeTu4DW+Xc/qbyurWo+CTArcSNY7i573BGa43arF+pxnvhXEPAVw90h9s6LeE2fHiWnlXdzGS7SGYldj2/D2nsfQzqfQ59eGdzgjNe00hwo2vAv92xj3/RJ7Lv/2w1g+2MVEVxz0alTaj/86bdg1pLpIByEzHeoaxhU+Rr76q2m7154n9nwbaie7o1wjcgLM0n68j1VLmEBt6Up6Ht9KkYvr3AeZzsWnt+8Go+uesyyHGtFoKyu3cml4RxlMNQr8+6kAewIQDt3dKXxk8/+z3mN77jpRgQiKTjWARdB8sSCCm4+CKKoKmAGAcQBKgfJkKuJD9slFMPwGVUM0CKKXWC7dSpSinZCV8ZlFbwcOym3lYXyrudBRhlVyBf+qk7qwignBnNGhYRZxTzJKON4cdGYIxmNv2WH4TWcetzL4b1bsmCShbnbsF3KFiSITVBgDLY91oWHfvw4lt/4HqQ5h0/d/KPUqs3dn4Hj/BJjT81i32P/IhRyPhwzF0m17j5JSPmZpvrAqR993zmht9xwMUpqA5B2K9juU5cpCK9FquiVtGFhsz9vzav7pcPrWifSQQipjTfgM8xQIfUgrgK0clVGMHwI5ZHmX5xggZsZpiORzWWR6t2Bv/31b/jh7Y/w/u0bnnZs/h/J8oVwvBTZ5OCr5+FcDiKm1JTQ5z50wymNb7/xKhihXXDybcoYPW/kW7ScACMDcL8rSEoVIMqDyR2NyzDByLpGiYgKRW1ASTkwLDDZIBl2BVQdUsbmeThW4eOgumk5X47gUaOsYphCAEtXWsEtB3jdBKTqXR5QoqsanL80wC8CfDi+5xooTrCRw4rfNKTU4I2SYrDS+LRBgVqYacKBPdux5L0XYO45Z4AogA/t3x7r+vKfPr+33czS/qf/RFogI51XTzw3XDkB2d7dGNy1sU5ES64Pkv2h0+fX1338YxfQ0ovPhWZ0wzG3qY6RoC/0k77o4kiCtw6GN+4CrqgwUQDM5HNU5POUXoqgF8A276FDQ1F5gqCb+/x8LoNk/yD27t6KZ5q7sGnTet614t70rl0HuwYy9nNE+g9lOPqCnksc1dheSZy0LhKk719/+cwrv/qtD4h4rQNp7sFQ/p9KkMk3a5oMZay2EtWJq11PKljeBlEUhBI1LCSqZBE8Nn4WHsODECwMGISPclVMpE3fzQSGTKJh1yDdUDKhPJu3uw7PH7zw1vNaeVfU57DevsNzMK/x1NN14SENqvqQ2pv3N/YtJIIEUSlsy4FlhREpnQE4gy5GZZbi1lt+jC9/9562jp7sFwDtdiXg8ipAkDpAwoC05gH80RFlxoUXnzMj9LFPXYtxs0dDWjuUorbhK5EYw4zKTR882N6d8gMMJYxrKLBLVMnAzU2DCtn07kHAd091JcZUBYioy81locLP4YZ+7OXfP5jE3n0taO1qx95NK7Hp+e3yhXXP92491LvbMXO7BDnbqkc2rTYMbX0gEEwd2LsLtpl9Efz+ZRzBsjqwlFHO9Nx41ikTLvrIp98m4rUBOOZOX3+X9O1UKChjFUM6FWOzCcaACg08XZFAEbyQWRCpogZrhQIoq542RlCFphGfGpjwASxejSfnCy+UbAEnVPd0Gp4miMvm8IxFhS/s3yGF7xJSgePIRxTh8dfwLFdbRH0VPZp9GDJZ9J6icK0kp6EZURjhCrBzCCyzAPqhhabinR/6MAbTdv0tP7r75o5Bpz8Wq/57NjvAzivk6TQtgPLyUejtbaljaV4Z1nHDSbNHzXrHtafi0quWoaQuAsfcAekMqHth+HrSvFYnUdh83eK0VJ0Q7Mu3PLRXgDnociPB6l7rKoeL+AzIM2yhIgIbxAlAenVeR2nxKLUA0nCk3kqHge5kFtme/di2ZTPufXQVVq5c6fT19RxMDfZs6e8daAYZ6wBaYwhrr+WwObquAWvWPHHChZ4Tr7TFqmGnukEicO2Z88u//Y3v3VQ366RpkNY6lfcIHD7PTBuWswR9BW+Pie/brQqMbzns9aiIVBX6x5RuCJUpodmgTyDIK0EY6vmGLwxJA3IQknt9OVveVzNjtTiiPm/oFBcPeZuF5du9T7TGdmSf6IaV0leAj6inxYdsZkTupiCMyUh05/CdL34B3//Nc+sSefowwM9pRhCOlX8l6qsCkIsB+eHqUuPsd169pOyd77ka42aMAImDkOZBX25GxUZQ+A3KULlYQBmQ5Vv8pOaJ+1FFpdXp15mhmK8+J4flZ342UQAeD5aoEiQqAREt5v2F3qckDu7biX+ubccDjz6B1K7VaG3Z191ysGuD4zhPgcQqhGqaIfOdAHLIv/TBoS/Jw0W1ANKpbgCY31AqP/S+d59RN3P+eLC1VS1YD8a3UGTWu4t06CLKqvXm8Rk9epSmrpvjU8tShkpeQZmGhgisPB5spfOh+cKVnHp5V//SFZwN+SP0AjjiydUN5dHZClTxShL5InLG8BnbibJIjvVfrxzhQPrKAoQKl0nBlgqv3M/LsMDWdpTUjMcHPvF+9Pan5t52x6abTIQOOpZ1AKEaIHfi5OXSmhE46cq34NGf/iAqpXNdUMeN08eUTf3ghy6kS996FUorsnDMLZBm1geIwGdE2mG5m2tUEkQGmL37pKuSD4PZUWikzyhI990zpdpd2Ii8I+97jje/MK9SkLgbhlIIUkqkM4Po2XcQWx57Ak/sWis3b9kgN+4dyPR097zAZuYRAKsIaA6Go525TCpXO3Yaulq2vQLcm5dUhhWQQGmM5Fc//J6T3/eJ//deLV7aBna61YfzQiRnCAI3tAHTH2poRQ/E/vqY+n9h1/OMzcHQaZ56MWcr3BjyxfjeTkqKlVCm5PfiqiC+Hyy7ACTVeR9JSXc4netfQaz2fJ0oMCrc+hUpYrVTYHW4neA2iAQ0Yxb2btmLmz/+DfOuR/Z/zkTND0HZHLjvxFKGSCmikTANJlOjHTNzU3VMf/u7r5lT+c73X45Rk2fBMFrhWC0qNBdF9JFtFYKr3J2KKtvuuRru3qom+rgbh9IiJU8y3wBRuBhFQLgCTyRURJFVAJRRvDdD0EiX5E3CAGkjAFmPfF6iq3M3nl+5GXf/4y65du3ebKq7e6Ann1mXt6w1LHkdgA0A9UOP5cEO4xUeDHrCHi4KA5EyC70DWHba4tEXv+Vd52plNTnYmR6l+wGAIhCi1FU3lj0qPNNUlzQVPGCx3cTjNFrKyykjY6+u5m/wHD4rjYcifgVxWX/txcc+QBbMapdlXQn/OMM2AFa7MAAhXCiadDCzO/2VbUX3Ev8iw2PfwvUYFpovtA2o9hUTzFk4djOaZs7Bxz7z7kDG/u1bnl3f90jvYN+GqROmYdvurceZr+kw7CT19WXmaGx/dVRN7KyPfeBs7Z0fuh7xEoZjvwDHTLnocaEmpkR8SHVJFOB/3cco0YsgUOH/QiHuZuE+uJ9HlQRYKwJf7IDZi0T0Qm3SXRVhVfAuA4kaQMRgZR30du/D/uYH8MQTG/D0U6vyKzd2HkpnsustWz4JYCWAvYCR1jThaBpLKQHbfnVGX5+gwZUig0GkBzB62ojIDVddvqhh0vQ62Plmt+NWr4RmlIItgpOvgRauAIndsPP71UUSvkCKfWpVsqjKzIGi4RQMy/RB5uxT/RLwK2cNRR3J1w9VFHF1OZoZSMkqaWc3nPRUuxCC0GPQDLVb5vLIpGzkLQPREBCIjQAMgrQHIO2EC1oM0V15NYzNXwj2Bi+yDziSCqRwAQSWSTjWTsxfejI++oGeWaEf/eUTD6/UP7lt99ZDx+dUA3AcEymHpmhkfW3J7NpzPvPJd+K0i85FINgJ29ylQuyQL8yGr2bq0bSCaqNCgZTA7G1mXs6tIiLOKiPzZNq9x7GPkOAJ3FoqpA4XiOEk4iCtDCTKAK7EQHcCLXs245nHn8ETjz8lN+9o6etOij2pjFzhOPm7hW6sAfImSLAQbqrjOHk4r3J/7gkaXALsbq8Xz5479oyzL1kKLZCCnTehBybDNivQvH4D1q3ZioMHMpgwZQJOWTIRVeNGw7H3uMRhX18X+WaC0xBInYpJN/ti/4JH04YxE/y1Fhr25WsBUt3dRZ0QqzC+CWyBKAotMAm5VB67V61C+6EkOlt60Ly3Cz0JE43VYYwe34DGqU2YNWc8opUj4VjNYLsXfNgsgFfa6Pzorh9Cd0Eg12sXGTTs9EFSBCefs4w2bdx05ZPr2zuQF/8P0AbxIjmnLgi2E4gGNOcdi+eNPev/vvJRLDrjFEi5A461Q21oAR+Q4aDYme7dx6A6L3fCqvtdU8ZkF0Lhob1rosAsYbaHrQdTTXdV99CjfokQNH0MQGHkB03s2rIdW7evxzNPb8ALG3cNbNjR25w1xQYyyleUVleuXDh/9N7e3kF716ZVhY391axXvmSDE1oI0skBQFNTQ/wdl12xMFozOgDHGoRmzERXywD++Mt/4u/3rcWulj4Mpm1UlTyFK0+fiE9+9TLUjh8N29yH4iQddXE9FklBzMcnLVfokQsUx0gBPmRT8S9hF0V3/COeWPOJuPoMkJWRkQCzMmoRhqZPwKE9Xfjpj+/EQw9uQHdvHqmMg2TWhMVAWCNEwutQV1eKRbNG4brrTsbJ5ywAGVVw7BZf7eiVNjeVn8FBUQXN9t1Cobye/1kSbLdCD0/AFdd/yNi7p++dP71z3V4RCNzq2MIx80dHLc+eX43+vt7o1Blzlr7rg/8jFi1bBuk8CWlvVp424HPo3oAR8s22CyrQwzMeDwRxdViIWOWfUnm2gEItc6oe5z0v5cuX88r0QiCtGiRGgoQO5gxath/Asw89iZVrdmDztvb+1o62DYd6rbWmjQ2gwHYKRvcB1sBA23asbNuOf+dx3AanjC0QELj45LkN0846fxokDYJEFVo2HMDnPvs7PLzyAHpTRRWsg0kNtz/SgYmTVuI9N18LYZRA2v2+0NBXhyOomyZ8WiL+UMr01dRUokzSZ6jsy2ngi/nZx8XD0LyOg4XfNb0Rh3a14eMf+yG2taQw9+RzkMo42L7+SQzu7QMkISOBTIrR09yHrXt6sXL9Hrz7bftxwwcvQ6R8rAIQhlOFXgqHb/hz/HqZKHpyVvIQBTDKQVFcyAJDQtp7UNe4GB/45HvK2jq++P47Hm/bpgs8UWTaHH6MqitDlNL5+hE1u1gEFtp2joTwh3e6D6zwZPpsVYIRhRJNkaWvaqVs+hDJwDBCgRdism/Gg9ddL5R2SQVIHwegBsn+A1j33ONY/dxKfuDxbU7zroOHugfMByzgAQBbjXC8o7S+MWMmeznb347XynHc23EwUg7Hssc01EW/9OmPnT9y+sLJRKSjozmJj970C6zYlsG17/84Zs9fiNaDbcgkEyBNg4iVw+zqxuzpNahtqgIXklEuNFQOEVwd3qYxpCwwrEuchnd0277/e+0dToHBQUMKq8XvWmASUoMavvrpb6EzW4vvfv8buPat78F5bzofS5ctxN72JPbv3eMOaRQeqibQ1Z/DuvX7IAc6MG/ODIRKYpDOwJCZ5vQSwODDn0PF60XCV3vUhoVj/tYWUawLcgYVNVMQN3I1m9Ztru4YcFYDsv/kk29Ba+sDh73/5DF1+PNT+/PJQbtlxVNPzDRTuxrGT5xI0XgtWPara69qmmwXdGAKdCsK+nI7G0SOMiJTAVIe6GP7NhO/OJIL6RMFoGnVEIEJIDEXUk5Af/cA7r/zdnzna992fvqr+3sffmrb0837+36fyDlfl8BfAG0LQH3Szlv5wS7YuRReS8dxG5xjmRQJaJdf9aaJb3nfTRcF9XAcmb4BfPvLv8Wz2x185kv/h5vedwPOOutM1E+YhvVr12Kwrxt6ZT2IgSVzKzBuZi2kzBU7rwtEXn+7jV/LxO+9MIyag+KN98JK2EpqnNX34V7CP8PHfS2hN8K2RuD2H/0Vq9b14Zu3/BCzZi9HKBRFJBJF/chxaBo/CQ8/8hgSA33QNB1C06HpGkhoSGVt7NnbjcbqAKbPmwRoHvvl5Ygg0XH8VRYL+6T7CsqGQlWDxdBapiE0YOSYmeD84IiN63Z3pkxe29r6kHOkeuDmPZ3uwPPJ6Y7Na7q2PfP01kmDhw6MmjHrJCqtnuQycmRWbSxeD6EKIcllhhC5mjDF8NHjsGqq/maqkoA/r8sByIGoElpgMoQxC5ZZhZ72dmxevw/3/fMu/PDb33Z+8suHBtbt7H+sd8D8VN6yf8DAU9CCrTBCeTh5fi0Pk9SPfwHI0nCQLjrr3DmRYFk9rFQHfvWj+/D3Z5L4+te+jgsvvBSa7oZ/s6eMR3VVFQ40b4eTzSAtgLzl720aXvjlwyp9Q2t4w0KsQthpDcnNeAhn0ZfbgH3DNIT6HQAFIfSJ2P7cGvzkt4/hvHd+ARMmzVcG7NXiBaY0jcKCqQ1o3bcbEAQ9GIKmabCsPBzbwoHePH7zl+exYNlkjJtVDSkzR7jnR9JieSlSbFSUb1AbDlGFDxGUhVCbFDzPyEE6g4iU1eLCKy6JrV278x2/v2/HOkAelZNkA9j7rAkAqwZyzid+/ufV38ja3zv1Ix+7TkyaPQVMXZB2h68p2IseAm6kS154S4UexiIQYvtKL4bKTy2FNDaAxAykBoAD+3bjmSfvxcP//Cu2tSR69ral99tMOxCpuj9SV/Jw/Vnn9Oz69feVR8i7X6/x4zgNjiGIls0cF58/a95sQVSFtc/eg5/96ilUzX0z5iw+vWBsfZkcfnf3fdi2Y4dbt+MkGkoiINaU3Tg+5+qJ97DiInqgv9cXN7zI7XUaqIQbDkjdRD6Ms+igyNKXh0kiMNgtUlAeO3bsRjJjYeb8uRDa4Uhj0pJI5W2Vy9qwclmYLMGyyDxfv7Eda57Zhaap40HUqcjXrGpEchjr4mj1O8axx9j6G2vh82pVAJUr9kYernyEqVgoniYIg+0kmqbMwKnLF05bsXL3R/sHuWXQkfuuWt6IO57cfywjX52x8Jlf/mXNp1v3tb7pfR+4yjj3ssugB0NwrH3DoghV/uFiPuYWu4ujkgt1UGhqkyCIwFiQqEZ/Vx4vrLsPD/zzETz99Ep7e0v3vmTGXA0YT0APrA5EYi0gJ506uB27fr0dr7fjxQ2OBEAUIMizTl8+trJ+3BQkehP421/XY8uBPM6q3waR6ATqqpDO5vDr39+B23/0PWQHukGkIaLZWDIlgnETxgOIguUhXytKMZdihS7SEL6k19piY+i88GJbDA8vDvt4lkMpWsI31UbppmgG4HSj59B+pFJZPPrMszhl/kyMLi3SvvptBz/528N4eu1OkBAQmgbp2GApITTd9a2ORHfGwbr1bThvkBEvN+DIHBhBJdcQc8dtAeDClJvhE2M9CpzHnpAYqsbsobpiSKRA5DHnK12FMEqptqK88jR6AVaXcgCaUY5LrrgCm1ZvOvuO+zZcgyy++4/nDuaOoxa40pb4+AOr2nc0H7rtvX29vaVvfud7EIyUwLG2DdnkvMZdZqNQYxs6RSivDDICIAwtWIdkZy+efPhP+Os/V2HVup3O7pbkTmbcB9BDwUjJ+mWXv71/w1MPoutAM17Ph3ZcD2EaP7bKeP+N7z+zccL0Jdjy7KP41vfvQ/egicRAHxAtRz5cjh/95g/41fe/ga5D+wt0I2aBJXNH4cLL50FELLA96CuO8hFyHVI5nWdQzlHCriOpZonCbLrDkUFNNX1yYeKN0EphJfO44/dPYsX6g9i+bSu2t7QhQwacXA77Ww7g1l/8Br/68Q+Q7et053qDwNKBEBr0YBDStgts9/H1EZxx7mREyzRIR4MQ4yDEHAixCKTNAdEY1xshDG+GQdHQvNnfpQBVFAdSkO6OrKK4Iu2GfItXc8MwqgZxuaqNeQI8tsqPFLOHpUsHg0SsYgqqy0LasyvWjW/ry653HOwHtOPIfcb1AYk1vQkzuW7trgVIp8LTZixApHSMYuXnFR1LASKFmXbGEIaJJ0NIJKEFG9GyI4Evff7b+N5P/imfW9+6paff/AFA3wLpd4PEDsfK5vZseh7pwT683o9jerjwhFnI7d4GhjZv7qyRTZPmLoGdT2Llk0+guTUFoRnozUn84JZb8Mvf/g79fb0w00loegAsHXAghkA0gimTqhCqjsORB3G05j+PL8iKpnM0dVscUc2YfYHi0RaNM7S5k9xwZjDRh90H+2FKgtXdhgd+9zM8d99fURKJQzo2urs7YObzCEbjsMwc7Lw7P44JcExzyGkwe8TpahBVQmjTQKJOeSD3HNxxwmWQEoDMqMH3mmrZ8UoY2WIIyipsLXROeECSW9cij9BLtqJA5dWXVJ+ZfGTvgFIiTGLO8svwrretH3XgO3d+qGvQ3AHIthddLHoHbNsZBLTbWntyzjd+dNfHDhw62PDxz3yIGifPhbQ3gTnh9iZ6Cmh+AnKhv024s9vBANLo2PM8nn12Cw52mysA+igJbQtBy0uZx3/acUwPx3o5ZHRsuDyQue6dVy88felZl1CieyV+8sOHsLklBc0IQBMC+UwKqcF+SNOEZgRBBIhAAHq8DvPHhPChDyxDaX05HLtTFUfpCP6KjmIsdBRw5eVJoBMzSAuDLR1PPbQZW3b3ggwDRiCIXDKBvr4eDA4OwLZMEBEc2yrMEmAuygkFotFCbjdzfAXOufA0RMumgjAZpDWq2XYex5Tc31lNP0VS0ZWED/p3XO2WQhFdlTaG6CtqAGIF9S7y5NW9CakYVPmbO73IY6O41YogwA6EXo2mCRNp54anG7bv681Lxkq8SG+RlBYMIwop8yZp2vpMHrs27mid0Lxlbd2MSY2ipn4uSEhVsE6r8/F3CwzvQXO9Yt3IEdCYsXPHgd6+RP5hsDzI7Ej8Bx7HNjjHAAb7p8+YGH7/9W9f3jBmyly0bVuNX/5+Ldr6cmDpQDqyUJciIRRKxqBIDUbEJT513WQsvuRNYBxwNUaOqqDERzGqY42BfTlGJ0FkIxQtRXtzN1asbUU250DTNGhGEJqmQTcMQLK32gp0JLfkAARCYeiq10w6Nk5fMgFnnXc1gtHJCsgwhpU5qIjaMQDuUrO9DRD0orgp+1tSfF3sJFz+IJVAiJiC/9mHqprKu3mBS7HH0BNTdR8bAFgiFJ+Mklg08NyKlU19iewuALuEEVZSE0c3Ojd6D0twfpfjiPV7DvQ1bX5+1ZhxI6vEqPFnQ+gMePW6IRQwlaf7RKCYLWgBHbPmLURllGrb9+9f2tWXS0qKHYQIZoqSiv/xBicAO0lA+sJLlo++9oq3LgtGSkvR0dKMP/9tDboTtgsaCICE5qKULMHShh4pAdsGzl8Ux4c+9RaESgBptRQ6co9tbAp5K3wZyrN4UgoBleM5L5LPvUhdi9xiqwiMwkBnHg88tgWJtAXpOLAtE45lw7FtCE2DHgi64Ih0lHdT/WlEbphpWSgxGNe/dR4WLr0MpNX6WkX8ITAP9efc5yo+U1g91N83xsM+o1QjmUJunkTBIhOH/GCFp/xsKIaGBhIlbg8glShjDAMch9BLUD96GnKpltLVqzdELYeeY2kf30hUJYlARO2SadPBzlTNxvUbJlSXx7VxE0+DHjIAmcRQiXLb5+mMIijGg9AMYNbCU2jiyHBla8uBpQcOJSokV7QAyZ6pX78H3Y/96T/fwwGoH18d+sBb37p0zqIzxgGURt+hg7jjzrXoTtowgmHoRgAgghAaHMcCBSKwKYhpowRu/syFmDR3Ahxrq1oUYhjEzQXUkVS/nFs0jYJEKYjK1Y4eAlEcRKVuA6mn209caPYhJUl3+MQaOroRsgMSJSgvq8a2dduxfW8fmFS5XBD0QBDsOGApQcIt5IIIkBJ60GW525ZLW5o/rRTvee9y1I5ZBqDixT0w2wpCT6jczZNjVyNzaZi2B3mqVQHfUAvHJ1LrlVBs9bYGQAEFYkQBqgKhCkAJCKUQogQQQRiBEtTV1mDLprUj9+zvHASwFsAJyMgyRKisSzI9396T4LWrN0zWNDs8efpSRCJlYNnj824Ohk7CLQrxsuwFYKNxylzMntwUlom+Oe3tB6cmc05792P/aAWEfFX0WV4LBqeHIpC2BQDTZk+tef91159RWdvojpXK9/Xinrs34kBPTi1MAWnbcOw8iAhatAKNcQdf/vhSnHPF2QB2KY1H3QcdK80KBBRkXuEKCIm4+rkCRFUgUaGMrFL9raRgdN4cMEJE8fK8Yrd+eN2uwNscXkAGIHOIlI1EaYDw8KNbkczabg+cu3u7vl5z2zek46GTIRAItmWBJaMsIvCB6xfhTZdfBS0wSaGQ/iL+cBDI6/PrAssDYB70AR0er9TfIVA0OEFR5RGDKjwPqNDVwZC+QFKSDAgDiIBQAdIq3Y1Mi7uiTEq6oKKyGsRmYOVzaxpSmdwmAPtI6D5G0LGPMTMWYKBtz0AoVrOqu697YN2GjTMjOpXMmn0WgpEgWHajSNfzPpeJISKvRIAcBDiFEWOmYPHJ07TycGbsnub2hYNWaKBh4km7YvFSO2mVAWbPf5bBSVsAID0IftN5Z059y5vfukTT9H6QkLC4HE8/sgnbWhKqIdMBJENKB4YRxsJRBj5xw3xc9I7zEIh0Qtpd8BNdCVEIqgaJOhCNhBBjIcQUQDSA0ABBDSCqdaFuVBQNEBUgjqsmwxLl/UpAolbNAwuqv8VUCSDg405qvvqeZ+weXO72wtU3joae7sOmjR1ImW7OxFLCCEcQDEcLoaamu+Gzlc9DOg7COuMt54/BBz96NUpHnAZwuS/3Gl72UL16nAfLNjDvA3OHQiWlr47FPg/g5lwkSiFEOSBiRSMukLdtn1MSxfop/BNjwoBQHq8w+FLFFkJHTV0DWvdtr9q6dUfQYVoJlsn5DdVoS7x4x/NAhztV1TbTeQAbMhmza9vmLbODlCybPutUhCIVgOz3oc/St0F6373OjjxY9iBaXo1ZCxZRY4VT1bvv0Mm7W7pFT0/vJuRb8/9xHi6sB2BLJ1pTGrr8nLMnnLLsvCmQdh/YsSC0ehzYdQgr1uyDLRmkaQq5c9BUY+DT71uOK99zFQKlA3CsVhQ7k9ntxNUmgcQUEI0HiREARrgGJqpUl26Zm2uIuCsSK0pUSBRWX66cHsE3lE9ECuJBrueLqoUZUOGohwraqt6l2vmhkEOZQTDMmL1gMRpjUWzf3oK+VB6SCZoR9DB/SMctWdhmHlLaKIsIXHv+THz5m9ehpmkMwK4nLja+HoHxz27xm+V6SLnHt9N7wx79HFACKK6uSwNI1LvXAIowzDl48hEew54KcvFQHlB1BTDcnFh4HnFoPh2Ll6KqPIC1a1ZNGOgdbBtbWfZCbybnpPInrNfiANiSyOQHV6/dMjdgHSidOfs0BKMNgOxRKKpXo/P3L3pCwRG3SO/0QQ/omDR7GWZPqop17Nu0sK2tsybvRLZi9KkJhKoZ6UP/GQY3d3QcEXB48uiSc5ctHbtg+knVYJmBlBkEQxqa6huQ7hnAgfY+sG2jNKTj5Ol1+Oj7F+GSd5wFoywNaR3wXcwAiEaAxBQIGg/CSJAoV3lZCCSCIOEaBim6j/u3oJuHCJeQ6+Y2QXfRCVcYlFiAWMlfiyBAMRBKlaJzRIkGuWEmDUFAi2RpIoKUWQSipZg6fxZmTY8h3Z9CPudOz5FmAjqbCEcMhII6assMzGqqwI3XLcaHPvMWVI0qgXT63U2AylTepLocPMkIOO6ILO4Cy62Qcq8vn7F9dUKvqyEEoARCGwcSk0BogKvWJTC8IdXtjuYiAloIKX2qVkIDcbCoRnwEatnIhpHoad+tr16/ubp9MPN4Km/1vqRVRYJBtDmXtxJrX9gzQyQOlE2ffS6ipbVgeQBFaXMq5qIFKcOiYCvLQQjhoGbsbCxZNDZoJ/tmtx0amNXftrsF6YNtAF53pYMjZvUTa2PY1Zkqv3r52O9+9JOXv2PBm6bBzm8DO+4gQCM8AX2deTx2z0q07O9BdXkYZ5w1Dw3T6yCdDkh7oFBXF1QBiPEgqnOTdipzxTn9u5sHEzN8EPdw2QJFbCdfqOZJm0uzIO7ssuNV8ZgtcIFb2A/mXkD2qpypOOO7UHTmHEgrhxZowmCXjW3rE9jV2ofe9k0gx0KwehqECGBsTQYzp41G7cQxALrhmFtVeNsI0maBaDTcDmVLGbrlngt6wHzQXXQ8AGYPrneJ2J70uRs2B90NScwAYbKrLs1ZQA6AadAXhpqulDxYGZJ3IYI+dkcAQNwVSNVGqKhBO0JuSdi1+RHccMON9oo1zbcA4nO6rmdt+yVC86QJMF9TGjE+8763nDbtf77wJdSOMuDkV6l7AF94OVz23GtsTQIUgmbMQC5h4/af/A4/uO3Rrdv3J78A4D4UBza8fj1cb9oEgNJgRH/LssXTJowdPwGk264uCduQTgKRuI7pCyZiyWkTMfvkepRUG3CsHrAzWIjJiaohtOkQNAlE9S40LcK+bmC/cA/5irt+epYYmlgXhGi0om685wWVVyQRLOQqxEEXmEEJIErVwPWgm+ORoULUsK8+JcBSRyg+FqMmzsHseUuweNkZWLz0PCxY/CbMX7gI46eNQbyqFMy9kFYriDw4Xs2W4wGAOwBuA3AIQu8Dad2A6AaJPIQWAWlBRZT2GjgxdF44GQqpHeHW9LSo6jlNFylSrBgoFFbSfxGlbOUJpSr9Ro4o2lgUJMLDShbk23yAypoR4PQBseK5DXVZ014rJe9/ye0u4SpGqGx7Ps/7tu3aO26wbXfDzJmLUFo90UUl2fTNWScM7RBRtTvSAc6BnX4EIjWYPm8hauNWzYHdrXPbenO9AHadGKr6GjO4YDCI7Xv24Iff//4Ux3Q+OC1glE2RDuySKhilde6MN9hgmQPLFFgmwU4Gjp10hy2SkqITLiBCNBqgMndhi6Da0b3RVGIoC2OIER5r+KL//5prqAVj1QojioiECkVdWQDikItyohIQ1SBRpgi0mlvv02rd1n2qU2O0hFprcTcnlHlApt3PzglA5nwqz96iyQLcA3AKQotDkoGWDXvRsXkbZDqJTGc/Um19MJM6jFgl9NBIgA13J4cH54dc0EhMAtFoly8pQgr40V1kFmFXbgAhhdaWK5Cp0n2uVqPy4koIKgeJEhVZBH2iR8PLNA5AAYxqbML2Tc/Hd+1tC0iIx0Ai/5KiNzuDwMipMjp96d7Bjs4dO7ZtH9d3cHfjrBlzUFZdAyk71bw+vzyD7isXOPBzblmmYAR1TJ4xA+NGlVZ2trTMaW1Paw4FN739zqy5+/FfwsomX2ceznFwy/e/H6jWxNvesvCUC9/3vi9pskugtbkZ8YnnIBjiQs2E2ASzDcmyUAgGQiAxFkJMAmGk2zbieTVvZyUdhw+KF0f4oiOwTo5W2D6CsXotIIoh4uYv7oRS1/DKVF3KQz1HgMQIEFUDKMNQonCRUE2sCrfkSb0FFVPE83JpaMZIZAaBnfffi7Z7ngF3MAKiArk+E7m+BAY3bMUzf1qBQz0ZjJhwFgLherebmqCMbQwIY0BapZqroKlNxPPgQTfMJDdvhYi7RqWVgkTUBY+EGtsk1BcFfLkdHU6bY7d4Ho5VoSSYF48/+nh5MmNuBeSugorxiSIoA4cQLSvnRTff0rrz4fu27dq5Z3L73rWj589bjLLqsWC539dI6xN7gl/8Vy/knSwT0AyJpsnzMWNCQ1nLvpb5re2DIzf84wdbzdi0AaFp4Fz/68fguCKG0Y45YtmI2s9/9orrR41smkjJA90Y2HAQVbNPRaB6lIK0MyBEFXlWVz9HIcQoCDHdTfJFHNA88MPTLjFwuDR10WAy2RxS6QyyeRMd2RwOZXPoTaVBto1w0DiBQYMePapoeFCd0G5XdFAtyJhreFTmUqaoVAE4hgvKiID6WajCvKFabpSHUYx+F9hxNfCFXo3cYBy77/w75K4Ipl32LjTMexOiJfMRb5iF0vo5qJmwBLmOGH50273Y1XkQc+aeh0hsBEjqIBoLokaQKHVDSfhCcG/xKeEdUsVtN1T0DSAc4sX8s/DoKJQ5qcgJrqJzVe0YtOxcWbJhW6tg1p52dfFeWmiZ7WxBx44dsL+2vS3w4Le27Gw+NGmgY9+oxUtPpWh8LNjpLMpSFNBL73yDvvzOLe+wzIGQx4gx87Bwwaxwd/Ommfv2d47N9x9ay7me/qG12Ne6h8uaImgYV1zQOPbtZzaMCeaam5FtPYB8VqDqrOUwyioBzoCoBkKbDRLjIagOEFUQog4kGkCoVe0kCl0scPjoCAuh+OVIiXsfegxf/eZ3cM9Dj+BXf70Hf7rrPvzq9j+it6cHyxcthK6fiCqWGPazgsw9IyzsnAoZJUN5DG/mnF9uuxgGF5WCdTccLAx4j0CIMjhWDM3//AN4exTTLvoEAg0TwBkJsky3Apg3QIE61C8/BZMaG/G33/4F+/evx5zFVyIcmeyyQkSF8krGEW4TDfs8/tz3SFjYsUSMhg+yBMAmQpFSxGMBeva5lRV9/cmdAG81tAAkvzS2h913EE3rf41w5ci2cD6xbc32Q/OcVGfdnLmnU6QkDnb6CjL5RR5o3geg5NWGIFX9NAPwICrrJmHR/LFauqd1fHNLZ2PW5G2A7H5deLjycAgBjcLlQeMT75w0Y+b46noybRtde3bDioZQ86bTocejAIdAYjSENgagESp3iLmhEFW6SbsH5Remmmi++tTRFYv7BpJ46rHHseKpJ9G84QUMHNyHySMqcPl5b8L0aZPhqke9BCCWUJTXG7Lj+0Ydw3AHO9KwsLRgnD7ghoriPcQEsO7mqdpIDO5eia7H1qNxypsh+hIwD7WCIkEgqKu2FAlnoB9maztqqxswu6IG9/71QSSQwuzZp0MESoeFf8f6bISXP9lzuPqZW0aoqGxAT9vO+Pp1W5O2xAqGzL6cxdafGMRAbwcGUNaeN3Fo05Y9C0VyV8W8hYsQitW4+AANH3qpao6Fud1+ndEMmLtQWtuEBQsma9n+jkm793SNS+fQjEBNuzskznrtGpwtHAA8cX6s7CNvmzmvMlZRi3w+i46DB1C+fClqTjkJZGgu15HiKqxRoRaCKm8IqxwjUPQmBf1JH7BxpOVDhNEj63D6sqWoHjcF1qipWHrOefjypz6G0089GZr2UjQf6XC084i5oj60YE2az9h8nlFNcSW/HDq5c8hJRMEcRvszf0Z4YARKzXJkd22BFotDH1UPNgygJARKpGFv2wt5qB12ywHUVo9GZTCK+x+8F40zpmPE6HF4NcbjHrtW7WO4KMQwGC4FWV1Y/cxT4e6EtQrAgWLz8MuoRYWDLGLRfblkrqd598F5VcFc2fS5J0EPRMAy6aLIQpEaPMZMwZNLX/3SJTawzCNWORaz580kme4cv3N327RUymxHoHIfSJcvc5949QyuLhZGPGBcdHZ1/UXLx08PQwfsxAC6evpQe8F5KJk+xbf4gCGa9wqedy+Kz6MdFvIc20MREeLxGGZNn4pTTz4J5526AE0jql7mkHg6ytex/i+OYKzaMC+nKGLs/o20UuT7tqDz4UdRlhwHSqaA0hJoldWAlKBwANJ0IJsPgtMZiFAYMpsGWyaqqmuxb+tGYOIYTJs591+8DIZ1M3ihJQXQuncz/vHPR8p7k2YHROB5F8t/mfmRmQVnTAnWdiayud49O1vm1sSt0kkzl0DTpeLeAm5HfOFJGCIUTHGFKE8A0QiwYyBWOgZz5s2Glu8ctWFLy+xsuq8DMrsDryEZr6LBRcuRTCagB7/1jksb65fMqx+psbRx8NBBbOcEJrz5MsTq6odxA2lYWObLKcgXsg0BSI7v0AWhMqQjZoh/2T4/NP85kmf0GSIVp7q4CGgAEFFsf/AhdK9Yi4ZYA6TpgO0cKBByAcBUFtyXgHOoDchnXGZILA6ZGIBobwO6OyBiNkYvXAjdiPwbDE4OKYKDDOxv3oxHHnpMdA3kqgE8DXbayQgB0n4FvKrlANjenbBSbfv2L5w3fUR05PhFkLIbQEYBKB6CqkafkTe8RCG5YjRI1LhkASePcKwcM+edjAinq7Zu3D03mbcGAWx5rRidNmSh6V8LsWVddlZt9ewF4yeLdJ7w5AtrUHfhMsy48BIII3SExUhHQcPEK5Rf/DtJOHQM74dhG42rpf/8s0/i0MMbMGvsVNj5FJzu/WCbAdOE09kOp3UvnPa9kMk0nO5DcLoPgNNpaKSBBnrRu/cQak5ajGht3b/I0DCEdVPoViAgbzIO7FyNhsA+mCZXHujMtzMbz7uF2Feo1mxEHOjhXW1diRrKd81ZuGiuFi9vgnR6fYK6SmHaA+AQgRCVbr1UlKs0xi09sZNCMFqJ2fPPotpYsmLjtp1zBpL5fmhVm9xuYvu1YXBaUAMLJ1xPoUve3NA0Y8zIUbRh3RrYI+ux/GOfQaR2xAks0tf7Qcf5mMNzwZ4XNiDz1BZMGDcedrIdbFkgLQCnfTeczn2Q/W1ALgkKl4GMCDg9ALJNsJ1FS/NBlE+Zh6aLLoCIhl/Fz+czMPbUwZzieDDYgNCRz+Wx5rF/oDbShzFj62n1po7SdC7zMNjuO5H2nWMdkZHTYfV35VmPN+9t7pwSzHeNm7XgfArHysFOl4tOeuPKCsNKNBVSuuSFAppLmlseARAIV2LK7KUojXHZ86s3TEun+/cC9q5gqASO/e9jg4li7gSAEI0GUM6OFDtXv4C8NLD0ozehdMI4vHEcy/CKkHxVUwPMSgGrtx3CyoKlBZloA+wcSBMg3XDl+dgCdB2ifJQbYHW1wLIzCC6YBK2m4l8XRha6xeWwjnMDBAtOog9sGTjrtHEYWx+eBuBcADrLV6YZNNP6AhCIIq5lmrOO9sXv/nLlC7/92W2cSVVB08eqUFJR57gI7lBhQKNeXMYUAESJGlllIxQpxTVv+zDedcM1E4Kh0A0AGvK5xGvDw0nJgM0xWzoXTo9EJ45vmogpH3k/qk9fCgh6w66ON0IqL8ULzz6K3JadGFNdCYvVVFZNcxcMq6TfscC5FDjdC2Em0NefQW8ogIlvvRLRkaP/BcbmeTRHlQTk0LIARZHs7sD2e/6MMWOA6WfVoHlVF72ws1e3mO8H6ZlXrLjsZGA6DiQb7XnLSu3Yvn3ZyJpQZMa8mUrHM+9rshWKstbgsoJEfBggR0UgD0AgGEN1/Rjs3X+o4lD3wDorm9o5ed4S9LS3/ns9HBwJSJnJikAidsVVcsrXv4CKc08DNPG6NwIJIJXNIm+++qFEPF6Daee9CSt7utA/kEU4YICJIKKVoHgNKBAG6SGwnQdn+iHzKQjdQFd3CnVLlqJy9tx/gbGpqbJsolinYlcAiotyDwfbtmNv60FUlQSBTA6nz6oV5eHAHACLwa+83EFTuc5Rg/Z19WedPc2bAUop9o5RKNV4wrcudzSEI1MCPRzBNbqJEybh3PMvqZkz/+TG+sbJWnlpxb9tLQ63poQjnd7t8Uppj6r3Tad5BW4zMzq6etDe2Q3nRRTQmBlSSjiODct2v2z1JaU8YcDphb1tuOWfz+Bgz8Crf0E1DTOXXYj4hKn447ZtyGUlImSDpAURq4EoGwmKV4P0IIQgxGIx9PVIRBoaMfnqN0MEwv+iW++J+vi1XzxdTwErn8GOtU9AxrOoqApDduew4NQaLJlaVaYLuoCECJLQX7GzWTKuDNEQl7GO91558bLK6973aUBG3SFBolo1KTe6DcyoVeQK/wTco2MJyXQafb09nQM93fvTZsYJB0OvBZTSW+xyBixnyZvOOTtQVhJ75TIdIvz+T3fgu9/7AaZPm4q62pqhXkjayGXTSKcGceBAC1qbV2LFkw/it/c8jSdWPIcNzzyOpx57DAN9exEKhSEpqHTrxTHZJ51d3bjvzl+i3Mhg0fxFCBjGq35RQ7ES1DU1YfWzz6Bl915Uh0MIGzpCJMD5JDSZQ0g6kKaFx7bvwjPZBE75zEdRftLCV3STe3HQRA71eip/IxFCKpnG3b/4BZqMDBYsGIF8zkYobsDqdbSHX+iO5G3nGVcf4uWj7eNLgdaunNZYrb/79NMWv+fmL38zOnpsI9hpVdzXWgga6XZO0Ai3r1JElbc7cjOtd6QzWfzhzrtx689+8fddm9b+1nE4VVtZidYDe18bBgdmTvT1vWni1Blls2dMeZkF52G3mQTuvv9+PPDgY6iuqoVuBJDJZtDVtgcHdq/ErvV/w+5dG0BWFwKGg8GBFITMozaeBqeasX37VqxbswKrn34E9z34ALasfQKd3T1IZVKwGcjbArpwoGuAaUk0727BT372M/S07cY73/Y2VFbV46VNrDnh3QXlo0dh+ow52NHZjb/t3YOe9i5kU71wenvR0z+I59oP4ic7WvAXKXDyR27EqRcXpw+9ch6MjmxsXuNuYaKNMyRqIIqgY98a/PX2X+KUadUYNyoOM2UjQIRIjvDsxt7goWR6P8ArdT0A+TIBlL489PH1xmVvvvr8m2/85OfqRzUFwc5mdf6VIIwAUKPavKKupIbw+KvGET8nM6Ojowt3/vmu/K23/+nvO17Y8CWjdnKLPdDybzO2w/BvIXSwlHGha788+7K3XPbTW2/RGstLXrEF4IBw35rN+OuPv4btG7Zg1KQpqCgPoxoHMW/+DMw/6WREq6YgXlKOYDiGor6xBDgPK2ehp7sdHQc2Yc0LO9DSvB39XT3o67dglTegtnYilkyOorGxDGu321jx2BOYPimGt73vs5g4eYYKobwd0S+lN3yg4St39A8msOu5tdi9eQ0GcvsxsTWL1NYOrClhpOYvxrLzLsL582cgHNBfYWM70nwFuNeA86p3kX1TbTwOowZGHA/fcSv++a2v4xPvnoP6UVHk8g4CAQ1m2sH//HQLfv303r8R4b0AeplflpczSnVceOkFs79685c/PXn8tGo45nqAoyBRCVAdCDWucJRQXexDZCQONzjTsrFq/Sa+8+572557esXtB3u6f1Q3bmzbpkeeAOwB/DuPozWXXVRS2/jzz3/n+zUfu/aSl7kM1XRLVrkXGcilE3j++TXo7WyGY2bR0DgJs+bNQzgWBGRCDfxLgilTSIKpQCEzFKtfBzsmkr2D2LmjA7v2PI9ETzeSXWns3bMZLT15nHPBxXjXu29CvKwa7ORVA2Z46BRR+Mf2ilfN+GwAeZkF+pLAgW5weQnCo+qh6a/0THC/gKz/c/imxLJdUPviIXJ8DIgYbAv41dffi+61q/Dxd82BFIBlSRADwZCOB9d04iM/e2FnS0fqfQCefBknq9eWxd903mkLvvHB/3nLlDknl8O2ngdYgqgGoFIIUQegFoRygMLq3oeKdMJC65J7DCRSuPPu+/CHO/++du3GzT8YUVfzt6rKiuyqB+96zRSRjnSUgMT3Tj/3vHf85rafiFEjR710Y+O8O9iBncI0FYLm1qIKFysHlr1g2QnIBIqDKNIgdtwJOmwB5Kg50QGlJlzmdm0LNWieGYn+PNoP7YWmWRgzYRY0zQA7fWqwewWIRirlK6le0x0KSMIvHae9ah7v1QVBaGhuxkcCmNyQkmEpw5NFhj47IK0SXd378MmrL8XZjWFcccF4ZGwbEIRcv42AJmCGgU/+amv2d48d+BpgfQPQrBNrTtUA6ALILzt7+bTv/d//fW3WnIU1cMyHIGUfXMHbuJuvaWNcNTSOA+oekeoH9Dr5PYPr7E/gll/+Eb//zW8fPnRg31cCodBzYDjZnv2vmbt0tO01D3DLYFfbLM7mR8+atwCRaORFvBgP+3IXNMsMIJXH4gSAPjC3A7Id4G5A9rgNiNwHl6yaV99NVeg0XaNFHkVJOQazCZaDbve57AU7HZCyDcFgL6prdFRUA+BDkE4rWLYDvA/Mreo1Mu57oxvgARA7AOs+SXVgiFowAa99Fo2/WxrKmEx4A+2L//fmbeeH1d+8aapRPP34P3DXHffj6pNGIU4aMhkJIyhgpSXgENKDFu5+vs3Y1Z6wADwLoD8e1GEex/yNqy89BfF8kkJOdtbUCZXf+eTnr51/yrIJJK2VkLJPKWhLsJq8Q1TnarF4I6/I0xn16m1uSLm3pRVf/b9vZ/5w+2//0N687wts9b1g5x1pp15brXHa0RBFCL07m8t1b92151Q9Ei+ZO2c2ggFj2A32G5zvBnMe4CxYpgBOg9EPoA+gfgC9APerRZ9QP+d8fU45AFm3wRBZV6i1sCis4nsh776PZ+CcA3MazAlIpxfSSSjVLDWHjU2ALIAzYHQp3ZE+uJNm8ijo9INAMN2OdjaHbib0WuaG+sjHnrGxpebrKTWwwiQdJanum0oKYpCIQSKPX/30+4h1HcIVS8aosZYEKyOhBQll9SFs3NyLezf1ISlCwXzGfhYitAcw4cjjyOV6DoGlWTNrWu3XbvrYm886/YJlAnIzpNOl5Co8OUMGIwXiQVfDRUTVkvMGghiACEA6wPZtW/HNb323+y9/uvN7/Z0tXz33ma8c2H/HCpa5zGvuLh09gWDJAA7kshnevXf/opr6UcFJkyfC0ASK/VOyiHrBAjuuJwMnAU6AMQhXos5b2K6Xc9sv/IaVBjgNsKUGObq6+65ClemrGXlG4RmAt6N69B/1mCHaKZ5Wh/e7kpVj5TE5ozrYldCQzIPRC3CnK6vHlmKH2GpSzfFE5K8mnC+P4dnk4cbGlq/U4JtfgCJSWSgH6CXYs2Mt/vKzn2NpYxmaakuQzkpIWyKTsBGKaMiGGb99dD8uvv56jGkaHVu35oUdtm2tgRZyWL54s2dXhktnNMa+eMMHLr/mzMsvCujaFki7C0QRsBINZp+aGyOlrn0JIHSVyxuqX87Axucexv/8z8faHnv0sa8MJvp+CCDZ/OtHIM3XppCXdqz0TpBmE4ldg/3dofUbt86MN4wLzJo0FpqQSm1JDZDgvGscnAQjAVAGoJxrSJQEkFA6hMliuAi/nn7O9XiFlnpWns3yLRQPBPAY416uZQxb/H75Aa/e5BMuKsDg5DNa6eYGYABdALrBfAjgdnVetmrwpqKy8ZBuiH+lsTnD0FX/pqcQSC5qYhY3J/YBRb7SAKlrIUIgEcZDf/s1Nj3yDM6fM8qdG+EwpAOkcxZKwgYeXNmK9YlSfPizXwSle8TGNav6Ogecp1joKcgX1a8MV8XFB999/fIPXH79lfFQpAPSOqQaeQ11/aVvBSp5fMopQd+QatwvgeMEsG3tQ/jtT7+254En1n19IJ37hVpYr+lDP1aIItkBgXoI9O1De7fr3/7CJ98zmvdGzrviWgjS1Dgi4ULLnARTWoWKvgUt82BOKW/lhokFPiEsd/gg+xdVN7iAGCrVYvIjb3YhrHATZmBIu4y3i5PybJ5ic4EZ7xmrF34FXO8sOwAklF6/Z/COOt80oOVd9EzqgDB8sn7/KmOzlLe1fL2GxTno3kbCUoXPkEXZCCIfs18Wcjd3DJ1UizgEM9uHvWvWY2J5FFVlYeQsiXBAg+k4CIU0bN8ziHue2I/rbr4J1dUjMWqEg4oyTAHydbDz7SJcCpk9fNpVLRkYYEMrDWQuvfqSuR+4/O1XlUVLLNj5VnUPZeGrOJjTN72dBRhZECdAWikcJ4QNK/5p//qWrz33+DNbv8cW7htbDmtfP17zx3Fi0pQGsDHR2xXcvem5maMqKTBuyhyQILDTDkYSoLxSAM4VwQ9WXg4pn7cyUaQU+WtF5Pu/bzcnj9/Hw8ALZ5ixmUWPW9Ax4aIRsgI/yD80A0NzQiSVkGvOlyeqkAZCFVpLQEMM7tU2OrsYssucUl/OFFFf5NXvabAcVErF6j6Qo/RWfPLobIJJRQ/Cm65KIL0U27etx9/+8FcsG1OCKY3lMG0JRzKkZNjEuO2JPaifPQbv/MjVCEQYhrCw+tn1JVt3dj8nUbGVZZaHcyxrwjF0hSdSWf7gqReeOf5LN33q3ZOaZoyDnd/r3h9vsAgF3MZ5ZDB0VjsAlLqKaloNHDkGG1Y86jzwpx/+7YVnX/jU6nasmFECZ+vrwNhOwOAACC3FTOu7+nLtGzdumSSc/opJk0chGAuAucuF9JEAIVswOnfOc9oXHnoX0VRDK/xEUzEU4RwSNnlSDgGfU2afwdlFQMWDuRmqKVT4wAEUxX8oAG+IBMMaNlfOyxn9TZnC1XKBmuAjAsPC2FcLBLFcI0FebQYpMDJqU8goAdk+F4xCD0CDrqdGzufpocYYW+4scDKLISbZrhSg0PDYPb/BzmfW4Lw5oxEMunqejgMIjfD3tQfRxhIf/8pHUD9mNNjpQLRsPPY179M3bdq+L5lNP4thSdzEUTU40NsPI985efHs6v/7yCevXjJ36SJIezfgtKlzDxXUlUm14QyVESIQwtD0atjOWLzwzHPmA3++9e/b1q/8fDSMHcuWLMXd6/fj9XIcv8FxAICdkRAbOvsymzas2zw+3b591KTJNVRSUQ6hd4OdLjD3KrTQUZ4t6Vs8ZiHcJL8nGqZvP3RMryiGgIU5cIA3VH7ohFFZXGSedLmn6ku+tg0KAAgW5hi4765gZxT1V9jzbCrEJU/vn8qGCiS9WgbHlsqP867KM5IKRDBVbjwAYBCMPkAeAstuF6jitJv/eJsKecZnDx2Mye49ESKORH8SD/3xt6iXJk6aXAPTkcjkHRiawLZDCfx1Qytu/MS1WHzauYBsc6+b1oRUXw7PPfu82dGX+meIkLYRLEQP/3v9WLTt6a5cMmfkV9/2ngsvOPuK5RqwB9LZDyJyN+dCcDOoQBJ30hF5EQjb0PQySDkSm59+yrr7d7ff3bxty2cCurkHRhN++dAGvJ6OE6A5OAX48oY5Z+9bd/DA7nVb2uaue251XWVgECUVIxCKlUM3HIBTIEqp+dXZIYVVv4Lx4SwIv0zDcOcxDAQpeEd7aI7jGUhhKIj6P7Ma46Q8IQmfkQqflJ//nPJFY/TESSngygQWjFe8wkbHPgTRBLNXZsmAydvAsq4X4z4wBsHcA8jeYuhOUIgvXCNDDkNnOIjiZyYGaRHs3bgWq//+IMbXRFFbFgZAsKXEwWwef1vdglPPW4wr3/kBBIMpdW61IFGHuJ7F0088qu/c3/eQjeAhL13QADy7oat01qTym99+/XnXXfj2q4KadgDS7nYBEipTI5BN97wppjY9d24CwQEhD6FXg3kS1vz9aeux3/z1ofbOzk8smJTdu37fCPx93X683o6XxCvqryhHpKxSD1aPPm3E1OXjDu1sx3P/uAtmKovysjIEI+XQjBBIC/tyEH+YSD7gw/vyyVoPR+FIFTjZy9GEzzA8NM7wCbxqPs/nhZkahmrVe6GlGgpSyD2KgwIJpm9bcJTyMqvwLAxC0AfK0CtgaArG98JxzisvlwGLdBHN5RSYky7yywMqNMv7NkUHgPKMyIEK/EOfUCwJlZvGYJuM1Q/9Dv3N+zCprgIaEXJ5Bz1JE4+90IqGaWNww8f/BxW1IbCTgDvTrxokSsGBMtz3yDOhXbv2bJRsbwBYjo0EERV6aFxt6EPXvPW0my579zUxw9gNx2pWk3vU3SEbhLRb1CYdjJxS8DYApF2AxJ6AbU9ttO746t1/b9nU/YnqhvK9CVTit0/uxevxOGHGbGVJCC0NpwFbHph6yeWnT/3Gx9+P8pCFR+76MTa/sAJWfxcqyypQWV+NMfNmI1pdCiPojo6SYLCdc4mzhfCNikZUWCyecVi+MoAPICEMDSELYaActpeoBVgwCJ9XLUj3ke81aKhuBqspqhRUJkEuK4UGAB4Ec6wgff7ySgT+Gd+mayicUxSsrMKscgVAycuNi0CRf262GuulSh5cqCHaKM5l87iteZBRi8HO/di9ZTuqqqKoKAkiHtQxkM5jXXMnxk2ahKs+/WFUjq6DtHoA1CheoztrPRQdgQljxmmRUHB2Ip0z5k8eacsdhyAqjLMvu2zejZdfd2VJINQOmd8AAQ0su0GcdVtrEHHBf4oUgCpGyp0RKEIgGoUX7tkgH/7Vvff1dXZ+9mfbU3veNzWK27v34PV6nLDBpVJ54OFvlTZOnnj26fMnNYwdXQODD+Ka91yBxMBCDBw6gI4d+5AY6Me+NU+hPBJFoC4MI16CeCACI2oBEQ85O4I+pBf6FUIgveiIC2KyEkNmhrPlY4t4i9/2hakSQ+Zfu1gzhvD//CySwv9032UyVI6RB7EGpjQIaTAb7nAPOtK0nxMESDz1Y7YBmQMj59Y0OQkgpQzRUsSBjO8zyiHorJt7stLLzIJ5wK0hIqJyOMWoIQcsLbRseAZ9GzvQMKEOgoCMaWNn2wBGzhmFs9/5XlSOHQtptbmd1lzi9qKpeRE62SiLOAKQ8wGU9e7tzCaASefPHPGB868+bVRZPWDnml20VEqQSBXAKjfcNeAN9yNECp9J06dhy3P7cO9vHnx648P7v7gL+T3/s7gJt3fvxev5OCGDi5XEwbk88qY5ev742mXnzh8HAy1wzIcB7kdJPIrS6TE0zliEfCaAdG877NYO9BzqQDiSRDAAaKMiELFawPFN54RUSKEyFjaLi7xAKPY4grlieMjeru1ND4UbPg35WIpVzn7jY1/RHb6bzsXwtfAa0md8SpaAytRunAYhqhaJ/hI9HB8O+kC6LBFSdUvkXBqcTCqOoe/cWQ4zdI/KpanvZpFRA1uhgkG3pqiHkRrYh9X3PILaWASTRpYgm3Hw7KpDMEcEcf273ooRY0dBWs0AIiCOKtJw0IXzoSGTz2LLgQRl8s5YAHPrguHVp8wJfOCqty9bPm7mKEhzI0j2q2yAIcIEJt3NMWUCTGF1P6OF+6oHSjHQznjyjqfan1y189ar73U2Zd5Rjp81v76N7YQNLpfNwrbsQEVMO23i+ElTG5uawPazaoysDcfqB2x3Ko1hxFA+Mgyum4DSXD0IOQjOuAXkQvuVLIwqokKxWy8ySLxxU+QfUsHKuBR1hwyAWRFeGcVZ2ZqvlhNSHsgDbPLKAFU46RWImZVB+fPKIIZItKsJNcQlqiEy5JsI9FINzuM2qoZQVuUIslRo6RIHmDRfTc0DkkJqg7ILYTSRGtZYCJUVGEH+HE+A0YjuA4+jf/d+LJrUAAOEDa3dsKt0XPKht6KucTKk3eHOTRABhVSHijMjQDiwayeCyf2YPDoe37k/8z6drNOWLV9w9dILzwgYARNO3nKpWAYDuuN+BoWgugSHPMAecgyQFoeZD+DeO/6BO+9bv94yIs/88d2E53r68Z9wHLfBjYhF0Z5KA0BFXV3lm05ePEsPhAKQZlbB76HCDWVpgWVPgdqoB9y3YqihF17BFnB/9zwLYgDCRygRaGDFs3T/lnafX+hjs1WxFMNAGT8u5P1Nc9+jwMP05XYFz0ZFmhQVyxRESoZbQk1RjQEcUWGwUzjX4zc8H5F4CGrrzzntYkGf/Y/xfz7lfQuG5p8tbqpaqGd4trvBiVrYeR2r7lmDSMRAuNrAupY2VJ86DudfcjGqRjRA2ruUcE+t77VMJW3hGv1TTzyCsbVpzLt2jvGpbz59zsSTJpx54Q03hKLlDNvc4c6gQByseeQEj+equVgmpyHggEUKYAHiNOyUgdYN+/BCayZKerTyb5NPav98biuv6j/0uje440YpLUfCYaYAsHDB3KkffMd7PxQrKy9zW28KuvsKoCAMZYuw8mYepUiFPUXI3fMgMZczV2CCmD6PlFSJdcLla8ICFRZjEcpnFZoJ1d7h3mATQ9n+AV/dzfF9CR8IoRUXcSFM8wCWjKob5QoG7IInhKN3Wh8tlPQTkv3akGYhf2Ovp9ArZrPlK8xL37kp9NbjVRYe4/EsPeAFEHot2prX4unf/AUc0rHtUAJjlszB6W+9DOU1GqTZDIbpzsGjIlpMUkUdIobOQ7vx5199B9PnVmHOuBFYv3qv9tb3nqMvOGs5pLNblYXsItsHrj4JSADc70Y9AoBjgvsGADMNuz8NLeFgrMXo7zYbZA4T1/S192/P9w/kYlqmNGAgl7f/8w3Ocdvog9VV0Xdfd+2FZ55z4TUCrKn15SgI3Q9Nq45ixY/z06CK00JVAZtiaicUakFkUaSG5RRc7OUjbuhEEMpwpcr9PH/lgHxipu6RLxpSYR5c1J3trQAY92f3fIgiqpXFcT134e8BFd7qLkOFM6oYXqI8nhjiEY/Pw8nC5FFmryk0V8zdkPQxR3xOuTCqWS+WJsg3mqsQYvoGYKpzF3otIBl3/eh32La+FY0TR2L+uadh6WWXIlpiwjF3K0AjABIxd3JsYaaCVNNtqrDi8fuxZ8U/cNWV41EZBXZs6EaspgTjx45CKBqAFoyBEVQMGTWKiqJunRYDEJSHHEzA7kzD6TchUwzZa8M+0I14XMNJM6vFmFhw3EAqd3ZPVo6zUsCk2lDfmKpwurUv959tcAo1HB2IlH323MveMWLe7Hnk7lQCJNNgblMLo8j9K9at/XUqfzlA9xV6ve6DlGJP5JQXzBV2cmJTGYJR8GSu8bFC5qSPraApIN/CUN6kYlzAARVUhzUVYqpzJk1JD/iRTlWboyJCSqS587cRU6O7tGElAjoOg7MV8mgWw0f2ABOP8G0qQ/ejkQHf7RNHeF11rWn4MEwBEkE4uRR2bGzGiEmjceF7rsaMZXOgG92QTod6TkzN/DOGgkgkILQyDCRt/ONXP8PEsj6ceno9AgGJtZsGcOtfNuDgjp1IdnUiCB3l1eOhh+sBCrrz4JGFQAYswgAT7LYU7HYTbBM474AHcoAEbAlEozrGNcYwpiYciWjGTAE+rSeXHxu1tMwHxo5pm11Rar/ecrsTMDgmAGfUjGh4x7ve/f7QmFH1CloWqibVrEIIP9oG38KTxV1WjektFrlzbr0JXqHW8maiKvBDV+UxGlI090AR8oVVBEM9ftiACvW84mPTYE65npNYGbrjq4n5yxZ6gdVCxMrTuaNwCWpksYgoMEEMKzK/GFjibhau4ak8jSxFx0qoLnnTTaFUQdt9bhDQQu7j5PAQ3F9p8Zg3vo1TpgHNxviZUzBryVSUVmuQVitYJpS3d/NTN+rQfHVLF0QibTTWPPc0nrj917jwotFoGFMKiutItGZxxwP71m47lL11+/b+xKOPbRzZsfdg0EjlUFpag3DFJFVnzIJEAJzLwO7KQCZswJEgjQCLIS2GtBnZPhv5tI2qshDmji3F5BGxaNaSM7ID9inbu9PxVd392xsCkXQsTujP2v85Bjdy6jwku9sFCXHt9NlzTn3/e9+txyLh4m7KSYC7lNHwME7WsPFPFCguOE9CAbYKMf1AgADBBLGHaLHL7FDejQqP8Vru9WJZwfe+xcd5pWutkO25v6uFX+BFFonORGFlWBgCaBTVgAESlSCqUB4hOKygfhzhJFjxBouIrRuaD7rULWVw8BslMUiLQjgpyPwASI/6wngHQ/oGqdjJXmTcuCF3IARoWhbS7lXPC6jXCECImCu2Sn6tFwkSMaSScTx0248wktpw5gVNsLM2jICOfL+FDev7Nm8bNL/Ua5fd17zv4PObNh/MPfzEhvrtL+wMN42qobrGxYCIAU4znM4eyCQplplaHzbDyTLsLEPagBYWoBBBCwpUR4OY11hOI6pC5Vt6U/M29SYnHcxld/VzdQ++kGQ88aX/DIOzmSA0I0iE9598/hVT3nzh2aRrpGhHWYD7lWxBEv7uY1beheBjbxQ8SLG5lGEN80RC5WjwsT9YvRL5jMZRBkNDUE0uADJF7jlBDjNE+BoepS/fVN3jJJVhCTdUZtPNXSiipruGVO5W64oTaRHFSNHAEMjbEpIB7ZhzGdj3+W3XuwkNxDZcYnJSGb4o5pTkgEQQbBpIvfACNKMEWlmpCsmHyX3TMC9LPMTQmS03dCa/dKCXr4Z9xqoV/if00WjdsQMv/O33OPfqRtSMKYGVkwiUaHCSEhte6OYdbT2rw3JgU86o25VO9T7ZkzGe39Ji1m5b+0JdTSRt1I+eQsFYJYgG4Axm3DBV10CG8nBpCSsvESzVECrVIE0GDAKFCEEhMLYuiuljSoPxWGBix4B56qBtDPCjN7eAHfM/wuAcy4JjW6PipZXv+siN7x45e+pkEPKqByundEm6wbLfF/KwCuHEEHh/qLFpyiQIR+ocIA/AKJiNLHglLkgvAMWJKii8HvuRvyE+lnA4gdr/fH/BW1PnmlcGWOKK2qBGaSZWg6gGpJUpY3Pz096uXvz24ZXgUBSjK+JHRygLcgjDPVxG0bkcdQ0CINJd7X9YEFoVdq3aih0r92PMkpOgBU2wk1Qhe0gZmgcUeWOEHSUr4Vdc9oE87LXsBN3ctEACV6wQtkEiDjNXhxV//A3izl4sOacJ0paFq+5I4Ln1XXhuZ9+qnCU3wkoyRi/LIVm1N1jCD7Uc6tm/csXmylxnS1VdSdiIVFUgHDUhsxagqcmyeQdOyoGTl4AE8kmJfEpC5hlCF2AdyGUd1ESCOH12tZg2oay2uytz+mBvuiQj7WaMrUhAECNrvX4NDtIG2FlQXl137Q3vvKGksWGEAsSkylsMdVN6VKJfpE1RYXdkn9H5JQpc6J58BlE0DF0t5IAKGz1U8shjg8k3lZWG1PKG/0zF10fYBQcQUWyHmJo1FkKxGyEKEmNBWhOIxqrJLbUgKgcKKJ6btzmWhd/96If4072P4LILzkZtWfwY3q2oP1IgZrOj+JqkaptGYfYZ4A7+yCYCuP/WB1A6rhETF0+EtPsL9KhiyGgO8d5D35eKbB3yG55bpiHSXS9eyN9UOKmNRkfzWqz68x1YcuZIVFaFYPWbgCnd7bEiiF3bBwLPreveVVIaWhHRhJPt2YPKuiASXc2ZcmGt785Hnhrs7B7YsWlv+a5d3bV1NRGqqYqBmOEMmnCSFkgAjslIdzjId0mYg4z8oISdYFi2AwggMWiBBTB5SimWNsXCbDrzD/ZZ0wfbuR1Z7SAQcgq13tcfaEIgIZbXz1923tXXvjlSXxYvQuDMaud0vRw47fNQ/tDPD6Cwrz7kZVT+we6ikHsVGR+meoy/NZGHFa/9uZEctsj84aSnoREFUakyNMNn3J5sgRvukKgDUROIGtQQwAiIQiARVOJDRYCledvz+PK3vokrrns3Llm26KjX06svespmbhnA9DFJpC/UK4buJELY/swOrH98O868/jKUlIch7QGVb3mdEf4w2+/JNR/dzeuW8DN8DGVwQbWRooj2iggcpwx333Yb9I5DWHbySNh5B9AJFBCAzQiXB9DVnhU7dwy0SZKPlUX0THfSRDblIokZCfz8zm/0b2/uWvHU2tZ1K1bvN/dtHajXUlwyuiqAiCSY/TZsZghBkCZgWxIOJPKmhOMwSAcMQ3PlhRI28gkbNXURLJ5XrdVEQuNSXeaCQ4OZPgfp3UDAPjG9zNcQSimEeNP5F1x82pvPPysQCSjlLM6DZR8YB8C8X4WUdjFhh9eh7ScPO8N+t5XnYh+I4PeCXoe4iRcfHHEkb4bDvGExXAqpz5HyyTHkVQ1fnyuAAABH40lEQVRQMfQpBkGNSnI7poRIhS8UVSEyCeSTHfjal76AdLgBn//4TYiFg8fM31gmwNzqXjvqQ0FSgjIoanSaYO4HZCsgMoC08MCPH0a8rhKnXHq2kvpz4DLvvdDR32okfHmYv6nXF+oXcjUVSRQ8XJEETlo91q96DHf86E6cM30k4qTBzEuE6oNASAMMDYGcxGBnFrs7UnvylnywrCSYbOlKD/nU//zLQziwv52zuVybactndrem9r2wpat+V8tgQ004SPWBEByTIYIE25RI5i1k2UZc0wENyEEil3Fc4wOB2B0krBuEOWNLMW1MrDoleN7+noyZN3Ob8O+eMXyi1K5AaRWEEYxZ/Z3TxpZHI1FdhSyccUVekQJkv2ts5ADsydgpddwCwwHDdl0qCMYUUUc/talIseIh4jJHCs38XEw+zBMe/gzpGnkBaFAyBHCKjamkFWhnjCyIMu7rSgJkTHELGeCs6w30Ebjrz7fhqee34Ts//yNqjhpKegitBcgMmDvBcqd673Ll1eB6OgqBYIOdAwAPQDMm4eCOVrTt6sTZ75kPoaUhrawas6vmBHjCSSyH1ejYF2l44afuy9/80YdRDP85DdLr0dvdhR99+w8YF4li4pgyZLMOggbB6cyDDQG9IQS2gERPDomkRRYz5a0jC8P6hn+kHDh37e5NbWt9Qt783ObEFVcsrtPfefpohC0NvZ05ZE0HDjPyEQc5S6K3Ow/LZlTGAqgsCyAY1UECSPdYyNjA7FkV+NLcssbgD5yb//rkgbqkaX8DCAweHlq/Rg3OCMchhKhxYlVjIxU1JDQ3r2EnAeaDANoUQpnAkBYYb2Il530F5KGehn2hnv9n8jq4fdLdfFQDKr4m+8Z/HE8NzGWwGD6GC1yCrr+BlVNgeUiFlxoIETCVAFJ1CciDIH0U+jo6cc899+L0s87BSTMmvMjUKTd/YzJVqOgySdwSgCiGk1wO5iyYOyD0SoCq8MxdD6GkrhrTlp3qIqqK4O3K4vkae0lXpVM/gGX6ygVF6Qi3oXZoyYLVqF8SOkgrwVMP34XE5k5c8565MGIaUj02nEEHmgaEGoIIjYrj4M4kfnZ3M1bsHUR9ZRkSx1EbG1tWZe8Lz9pimnue3dPff+5DGzvKqoWOWaPKEAoIkADyOYnuRB55SwIMhIMChiHgSIaddsB5AREAyCAMdObQUBXE566aXKNl+YN3PN9aksibXwXQ/rrwcJnOVjDbDaNmLi6fOHsOdMPrvE6B5Raw3FdYrFyA7j1OolfQHp5nHaUIrIyyaHrDBYOOtYClj0tJx2FyPr5k4Wd2cykO+sjIlhqD1qloaPGiHABnAEoAWg2eefhudPRIfODmtyIWjb4oh9JtDHVDOy4I2Ran2JBqPWJYAAWhGXXYvOJ5rHxsNd7+ybciWl4PaW8CkaX0YzwwhNQmpx8WUbg0Nc+zBX0ZhTMs5HQL7UQSQq/Dwf0H/n973x1m11Vdv/a55bXpTaPeJavbcpG7jXGlmGAwoYWQ0FIICYRAyI/QQkwA00wwMTYG3G3cuyXZslEvlqwuq4000mh6f+2+e+/Zvz/OueWN5EYIWDD3+/T50/jN05s7Z9+999prr4Un71mKy6c3onlcEv19RXiuhHQZJID0bBNDvQ4ev28fcpnJWHzRBOZCERACB9oefcU78aEzp+A975tAP79x19kdGfHBJWeMrXnH7DpUWTYGcy4YBjJJE0mLMZz34LgStiVgmQJCqOeJkAKmNCAN9aCXRUZvSx5jp6XxzU8vqhT/zR+9Y31bMV8yvqlmLcU3d8ApFWQ0zWyqrVo4oUEVYJwHyy7lEYBcCIdHkHvAVHdi5SNeI//EVbtGStDFtrdfuSM6DhgZqW944u/yY0JB8TlVRGxWjBe9AsQ+wINhCWaaU9F5eAhLn1yBi698NxYumPfamVUWAdkN8D6wPBTjPUZSEyFPlAFhjYWTTWPZbUsxZcY4nHL2uSDqBfOAYm1Qhf7egpb1s2OBhBEIMccYK8YIEEuv7TAAFEDCglsCHrz9QWSP9OCsq+eiv70IDxKJlECu5MHJe4Av8PRNW7HvaAZfuO7LWLXxED3467swZszYV7wT750yAS0bh6xlqc4LzphT+5Xx1fY5CyfVYEJDGmZSYN+hYXi+D4PULJO0FpTvMUqGlkz0GCXLVx4fUk9bfYZhEAbaHdQ2J/C5a2dnuh187NHNXa2+l/9pbCb1B7le73pyWpCwRdDfyF4wDukSiMLJWNl8RwMkJARIjDz4x/MMqQx9DIAN47j/97qJaK/L8D0+j/NGDOe92M9iRGYScMHIK+IyMmCeiuXLlqJ90MI1774alenkq2RgD/DzWmFrPaS/Vj+0hKakWSHAETJnyIYwp2D90t3YufsYLvrz96CyJgG/dEBLtJtlYxaGpTOZGAEgUTSSCTT62Y31bMZxoJOw6rFjy148+9AaXDq7GWNqUiiUfMUKYYLvMirrbPQOONjVOohrP/F+1FQ3YvO6pcbWDS8Ya154+oR3/W8bpmDgUD65cHLVBxc1V/zwgnkNF50+pRYpy0De8dDdU4QvGUlLUdIkGEQE2xZIJgQkM6QEEgkD7DFyQy6krxyIhVBZvpT10NtaxNhUEp9+y+SaS06p/aRlJ8/58/kmYFe+OTPcpMYUunsL8CSsqrQwDCM2JNWrHhwbPHNYBiomvxACglxI19V+zMkwGHlEicmx7MZlxh0MvK7geaWMcuLRQHmok85kwcF0I0lwHYDH0clYwkhMxpHDRdxzzwrMX/J+zJk791U+R+C90AHJW8Byu165McqAIgr5jxLgEszkdLS19OGBOx/FaZcvwfzzz4Dvvaw8GagaREkwZzXIktL978jRSFxqMGY4HxqomCGFTZWnRRhmNfLD9Vj22B0YawhcOG8Mio6vS02CU5CoqrbhpwTufmQvTr/8XJzz1tOwfetemM5hE4CRHRo47k588MJZGMj5FVMqKv5u3sKaf1w4pXpc2jIAAZiWyq5SMqqFDVsIuL6E6QPJpPotSQlkcx6ckoTjSTADpmbzMAOmLVDIusgNehCmj2x/CYuaK/HZq2fOE8vEx+7deGR3XZXX3Vd6E2a4M2bW4cypNs6dkUhecU6dWVMVaGHUqgEwjYkNtqmMw0emgOskkd3YA7/HAZvBINXWbH55gsNvxNZ2GMfpkBwXKm8sEOnVBtCaYsUxeyeGDw5RUsQ+sw1hTYfnTsTOlY+jysrgXe+6EoZhHt+XclEhun4OkANg3gOWO7WJSeDWEy/3pK4AcyCRQSE3AQ/f8SSkYePdH3k/kokusOyOgSUlkOwD0Km0S/RYgwNphbKSMlCxxoj7qpZKlcqXNjmhery4ahO2L3sJbz99IirSJlxPQvqM/j4HA4MOfBN49rnD8LgC51x5JUD9SFhZZOxUBkAqbnD2rqYpAB9Am1c7rX5C5hvnnN3wxVkzKsflHB+ez0iaBkSJYFoCNbUJVNYYcE0fbklC+ISKpAnLEAqkSRgYypdw4FgWPYMOHN9Hf38JwwMusoMlAITKegvVtRYMg9A54MCDD9dzzwBQL6V8c2a4osdI2D58mEbRMUhKzUCkBAhNIGrQJh1ObHameiFD1KLtQCdalx3Fko/NhxBC/4pFrFzkEegknaAXCzKQPEGoiDcUbq9dmPph6cWaJcNh8BEIAmTUAjQJvd0Glv/6BviDPfj2D76D5plnnAD6d8B+Vi+RZgHqBXOnLuXMEc+9mN4mDwOiAaA52Pj4E2h7aSf+6nOfxfhJjfBKazVg4yh5eaTBolH53GFYf+ZUjGMal8ajWNKnKIuT0HM/VfYa9jT0tA/ivpvvxOyGDJbMbUAu7ynZc4ZCC1MGnt7Yipydxoc+/1E0jCkB3AXbSiNNpTobqKkEMG9yNeo7k3ik6xA+PPGtFzTMrPva2ROqzp9RY9nZnIdCSSJreCi6PjKepRI1AQXPR67kwTQJLAgmDFgGIVvwUHJVn+YzI1tQn8syCNUpC7W1KVROTMIreOjoc7D0YA+eWNPhvTxYGO4aLiwFqDtX8N+cAbf9SBFH2n0kDD9Rtb1gvKfAqKrx9WzM0TtrqowMgoK4CGFWQnr12Pf0aqTrq2E0NYH9Xt3Ml14h3wTzs9cqDUfmLP4d3o74+s8IIIc9kFkDw5yDvZv345FfL0VeTsBHPv55TJi9OPZ9ETKoIP1WQB5SHnnaw07dB+e4YX1QkpMYC5gzsXfDTqy6+3G8/cPX4LRzF0F6WswnkCfQPmkcCuBm9KqPKOujwx6POXR8VaOBwK0oEY5gyJgIrzQNj/3yegy83IO//dCpECbBl4zaOhv5vA+2BA4c7oU1pgJ//jcfxKQ5zfCKe2FaTbATtUim0tVVQFXSBgbaXGz0Bo131I65ZO6U9LcuWJg5vbrCwrHBElzfh5CEbM5FOmXCzvgwAfT0uegbVn5zSVvANAR6HCXK63oM0yCkkyYSroEh10PW91CfsuGnCIO+hzUr2/GbTd3u6tbe4b29ufZs1v+NR8mH4fE6gIdc/02a4YazKjgcH5bn+0ZEC0oreyMvQB7tKH+IJIQ1BS0r96HQcwwL3n0RIDxIz9R8RehDEe+Z+HWgj28kEBFiovwGhH2iQbwfCzbNfhEmfL8eW1asxqa1B7Hw/I/gvMvejYpkAqGRpIzD8UVADgJoh+TdWjVLnODBQmq7gbXQrNEIMhdh+/NL8fAP7sHZ77gU57z7crC/G1IqBJK5C4H2C3OPFhFK6LIYI7JbgD5qcCV034kDRlryglIQYip2Ll+Bbcs34qLTx6NU8NBZkkgmDEif4Tk+Dg0NoTtNuPTD12LSnKnwnT26p/dBZCGdSXFDNfyaGqDNSdacX526Zm5j9RfPWlg3y0oaONCXR871kRYGEjrxmoIgJaN32IHnMyRzOMt0fQnfY1SkTaQTQDphwhCEYddF35CDrYMF5Dwf/YMFt7fH7drWOtTa6zhbAX+9ZF4LMvaTbcqGCVM4O9iHwh9QG+VVA066IfnT8/LD0vP0RrRIAlypBsDcHQ1bQTATs9DRUsSyu5bizMunoXF6BXwvC6IpIMogMkRU1CkKkb/XNz97/WDJb4Ntki7JKNazqcNpWFXoP5bFTT96GBX103Dx1dVoO7gTUiTA2a0YP2kCqhtngv2iEjOV/WDK65Lbiyx0jxOsFXrc4EKYzTDsmdi/eTPW3vUwFl98Di75qw8BfADSawNEvQZIHCUVHvqUUxhMFFLp4uikr8cfRiwIgUhaXO3bCWsKWl7agl9+61bMmFKLU6fVYaDPgbAFqj0T7iCjpWsAPL4SV3zwfZgyZzp8J+hHlReDMHIoloqp9kHMbjFmDC8eW7z2radU/OV5s8bUUV6it78EIYCUMCBASCYMpBLqWZ7NeSiWJBK2QCZpQjKrLJcwUFdho6bCRnXKBAnCi4f68dCmNqzZ18f7s35PQfJOv5hbB9BGEG0RpnVEup6XqW9CrrcL7PSj+9Affjv8VQMu64Qji8G+oZxTLHnJ6JBkQFQLJgvMg4p7b49Be1sHbvn6faiCxLRzzwGJQQhxCkhM1H2Cq/UVO8N1EX5FDuQrzenwGpktGsHzGwrTOOUs2MtTWV36hHSFxHs/eiHaDnRg/VM/Qm8hiV0Hiji470X83Sffg/d+/AsAtYG9HcrpNTj4rBxgog0KWwdhoMWZhLDGgnkKtj+/FtufW4qzr3kn5l96BYTRAekNKtpXYMdL9SBKaZBERuhvKAcfQP0IZ2thNUFBnx0QlQnMvnIU9avx0D2/wrHuHnzg/ImotU2kGwSGhkvwMyZe3NmBQsrCtR/5AMbNmA7f2a1mimRrWp9ARToD27Jqc8A/zmosOu84vWnmeXUZS5SAnOvDNJUIsNBrjtUZG7ZJGMi5cEoKBXU9iYqUiYqUCZaMpKWCcmCohN0dQ9jcNognXuqSW485+wtOaTmkvwLC3g4kWwAqgQthssj1dr2ZqJSvkeGi09pr2IkcEarDw0kWQLUwzEYwlcC+B8+twqpHn0F3Xyeu/fIXUN10JqTXDxK1iFZGArk7Tx/yLIgdXWa+ctZRGct/BXTzRDB/vBej1+jbeEQRK2PFqGaD+HkkMyaueN9FKAx56Ok4hJLXjEkbt+Mrq1dgz8E+5R6EFg2MeLGxQkDkLurl2ODvavRh2OPhu2OxY8VavLj8aZx66XlYcOmlILRAep26fAwMJRXBWlmA6RUjLsYeVnHhppFopK/VmCOAmtkAiQQMezK2r3wJ7ev34e1nTIUlCMMFDwlToCZtY0NLD3YVC/jE3/wFxk2bBlnapvtRCjcUWDLSyQo0VKdpXK0x/R+uHIfLJ9Wj7ahy86lImiiUJIolHwYRqlMmCq6HoTyjWPIV3cAkGERgKZEQhKyU2NExjD1Hc3h+Tzf292eLPXm5dSjvP46K2ueSDc07mxKloUFH8OCRN79Q7OvVpTxwsOVg57I1L46bNGE8krYFIgtkjkdhoAXF3ABqxp6L4SEDVSkfH/vCtzD7zEvBsggS42LuL4HgpzZ4ZwFwBUIjxBCW93CcNMNxgfFa+etEzMoTzeL4BMNwETuw0SY0+wX4xcNIpAxMnJkAaCbM5CwsWrQMzZOng6wspHMUkUQ7IgEe9mIPgaIeryQhrNkoFdPYv/x5HHppK8695l2YedZCEB+A9I+CYWlFsQLAwyASYKQQ+i6QEVOglpompvmuMdPK8o13P8amyUKIBgz3unj6nmWoIcb8ibXIOR6kBDK1Saze1Y4d/QV84It/gTnnnArp7dFy6xRDVy2AUvDZQsFzcc68Jlw1bwxErwvTJORLPgQILBkWCCnbgGUJDGVdFDwfRISkIVCdNlGZttDn+nhmdzeW7e7il44OlYZyXnbQ4fXMuB/Ab8x05ti/tTxYuPVtn0Hrho04Wa7XDDihZkvbutsOP/adr//77ClNdemrLrsIglIAKnH7bWuw7MEH8NXr5qOiNo2axrGYfdo5CkkLjDE4gKOFKmEopVdIhGYt5ADZp6TDw1JMjqAnmZqu9foQJgqH61HAUCjB8HoYKMaIoA6YHBLsMVjaMBIZ5IeH0JhIYP4pYwH0qcwTMDlgAajUhvFdWgZPWSgLqxmEegweG8QLD/wa6Mvj3A++Bw0zxwOyDdLv0oPstP4MSi5PshEzGNEzuzJOaPT541xUhohtVASXlpIwqrBl3Roc2rkfS6Y2IOf7MCFQU2liT2cfWn0P7/viJ3HGxWcD/kuQsm/EIF1lbCEaMJjLoLXHRclhtB/Jod40IYRy47EMgXTahHB85F1fgSE+I2kYSJgGKtMGBh0Xq/f14/kDfe7a3b0DQ7nSLk/yUwBWg+ydZrpyWGEKPfhGwzk42a7XDDjpe0hUN/jMuKV3MHf6M8++cNUlF54rUskEDrb24JHVbf3L1/f3T7jpjklXvP0qs3bie5GsaFCLleHbU8g9VKTdhE5aFXqeJEDCVIFH1SDOx1w+Hd3rBLCKeB3oZXxGxyNy2etXRVbP4tgQO+yDLICa4XmTcfjAnZg00cT8+QVI96DajqdyoxJlptEL4ixIVMFILEZ+qBKtG5ahY/16pBsmY9HHr0HDuGqw16J7s5Iu1fSiLnu6tDRjnudBtvRjIBHFkFCKKcqMJDKr8t4wx+PwgU7c8z8PYoxlYWZzJZycRJE8tOUH4NRX4UOf+jCmz1sEv7RLZbbQMz2uapYERA1KDmNoOI+Sw3BzLoYTDNdjCCLYloAhCJ5kDJRc1Nk2qjMWiIGhQgkrX+7Bc3u73a2HB/fmit7zvsRSQKwBZB8JwcKQLJ0BSP/kFYJ9XSWlM9iDyadfcNQt5K9fu/KF+Vs2XjH53AvOwaZtbWgbrry/ZFQ8vceffsOnL/jo+IljmrUDpzI35HBz2UK00Rx3wQnES1NKlAeK7U7IgaUaFBPcENAoD6Hf9RwuHmwGKGDXh4faDVWzhBiHod4ucPsaXPWeK1DRUA2/eAAgC8KsASMJ9goA9wLcBzIYhjkOvpyI/RsPYcNjq0ByGEsuvRhTzjkdZBXhewe10ymBtdQfc04/ZJRaNIUIpBv70YN7Gof6RRmxgOKjDnb1qlEC0p+MjcvvRsfOTrzt0rlwCxId/UNwqwQmLJ6HhZddhPpJtfCdLWr/kWJVA0H7Ami5RNhKUYwk0raB2kob2byPgWEXhqE+xXDWhe9JjEklUJMxkfc8rNnTh+df7uVNHQN7Bwqlp8C4DzA2Kb1A3etLCf8PyBD5ffdwOPziSgawLmcn7rr/Jz/5QkUqaTy/Zu2R1sOHHhiTSWzvOXpkMDfQPd4e1xSVOaRnWyQBVk8yphJIKu9tVXLasZUSW5cpCrlTWc8FS+WGyTElsBP1X3SCvo3ewJZc+ffpeSN7qn8qszY2INnHtufvgJWqwawzPgDf2wwyaiGMSpCsAHzAF1lI2Q/DTIDMsWhrIez5zUq07t4JUTMFl//5uzB2Wga+exCyNKAzv1qdIc1ppFDw1YyG2eE6TrBmE3xmNwJ5gBF9aHzM4QEMCHsxhrt9DG7ch/efOQ31lTa2HOlA1axGnPWOqzDj1AUQdg5+sVWVyiSjIXropxdwQe0YVU1tamSLHjyPUZE2YFsCns8QBqE+k4BtCaw83IvHtnZh2xG3s6coH2UH9xKwmoGibdegVOrFH9v1+t1zTAuobii6ve03rVy9snpvX//pezu7b+vffWh1vdFdPXzAdTv3rwfmLtBlT2AwyKrRJxPgNIiLMV8wiuTwAj8CdhGRa9MAagAqxNxP6TVG3a9/NP4qnav+LINh1oiXa4ZpoaNlAx6/70Fc8f73wUpUQnIzSJroP3wId/3iMTQ3ZvCeT1wKsufAyQ3huUe3YeVTmzF3ZhMu+fB70TBtGtLpAXjOLjUwJ60QxiPVxoLM5aDcyCM+S4uv1/AI5kpc/i4yuyRRBc+vwqP33oqdh1txwbxmdBQGMXHJBCy++t0YN30GWLbBLw3qwNJATbgdrh8MZGsOpg0lyOQpQW4GnJIEmJCwtO+ElKjKWGj3HCx9sQePbekbPtpXfASZuvusKeNWl15e1zfrw5/Ay3fc/EcZbG8s4DwX9W4Rlc0TWnd0dX1509GnqvXUO9frg0t9QzufW/Hsgsveca2AqNTmHUHZIZTSLknAl8rUEBLElg5MqaUZRJksW6SzYeH4dZNXLivLsxr9VlQwVcLmYyhf/N93kakEqsc14MlfP4amTAHTp2VwrLMbuUEXO3d1YWVfFm+5+q3Y19KKe255Atm2HK79xDVYcvlZqK7vhvR2w3e0IyklNELrxIbTPAJR9GJzQjsWaF6MOMAnRHI5tgIWoJVkZDB4aB0efXAZ6itTsKY1Y8aZp2LyvFOQyDjw3W1aYkI77gRb+6Tl/SighBkgUsAQKAHfc+AUPRiCUJUx4bqMQkkBJrYt8PyeHty1tRP7u/It+SJ/HUbyyfM/+o6env1HePfLwMt33Iw/5usNeXwXnCIGskPwfK8IpVQa/iZLnpxSScW3XHbxGUambjoQrv+LEehf8AvzItN3AohtrQTGsf6upPq3kKh7PA+TTpDV6A2BI3iNGZ0Rk2FQ/QtLF8nKeixYcibGjq1DVSWjKmMjWTcTjXM+iuoGwmOPLsfyJ7bgyUc2YM7MSfj01z6GxRefhkSqE9Lp0PcgMDYkRFLtRuwBEzPi0FmXwr8n9P+XsbmhEXs4iJA1E+m+RP0zGRJ+vhczpkzA299/ORZech4ap0yAafUpVkvoXwDdn41YYiWleKa0OisBqgQZk9HS2o9f3fkAmq0czphcH/BoICVQkTSx/kgfVuzukr5V82ztmLHfzfYe7mtdvxE9+/biT+Ey//dn0gTI8iAL63cf7u9bv2n3mHfOuETP20q6MlKBpEzoperjoPq5sPGGjPazQpW3kp7ZkRrQwniVAfmrl5avvA/3WiEnwt6HYxlHukdRXdOEM966WPWbZCOBKoAETj1jPD751xdhaMDBGRfOw8KzzkIi40CW1qsNekrH7JO9cI5FiM/qlA8Ds6ePrBdb49HLrGSH945C6faIeB0f4Ef8G9X7SddBprkRZ71jvrq/sh3s5iCDTQaKSlXmuJCv0MYlNYqqRzYUl7YGQCWKThbZXD/SKQtJ04BlCMgiUHB8FEsS1ywYh1TCFPftodM7vbpzZ37yX5455XPvlY+dsuRPIuCM/3W8kdD9FYqe753bPH7M9PMuuBiWlYpQs0ARimKm9Xo1hNhST23ywRT4nhV1OZdHZByfx/EG8m80W/023xdf5oz28wikeJNyWEkdyC6wPAb4B5HM1GLReUtw5lumY9yUSgjRAVnShFlKxJZAEaGfZf1ptHmuENpiDH2MeyIEMoMc27gvf125XidipTFpY40BSL8fkLp8Dh1dzRGzSC/MukqLM6kzn6PVxZpARiOOtK7Bk/ffj/MaarFgag3yJQ++rz6HzwxLCCxsrkJj2q1x3OIC3rO+hR+++dDEpoxs7SyOBtzrOZCGlYSwUtIpFiYVC+7FS5achXHjJ+kgC9ZbZOy8MwJDRoYSq2EKzCoCD+uiXmcp6c3oHMqku08YUuaIidurZbXXk/EIKJtjqQMbSiGE5h3BYXcVo4ZzAA9C+t2QXh8gC+WmGqHIqqcfViM3s81IGVlrrigJBgozGcLPEd+JCEpgQ7+Wjvta+epOIB+hkeHQiCSFyIk28kFX5iYWymTstecb0RiQSGPXS8/g0XufwRkTmjCuLomiK+F6EgVHwpeMbNFHoejj/Nk1tLDZbO7tL5z+crfTs2vP4P6GioSXLXmjAfdaV7qiEk5+0ANAuezQVRMnTqg4Y8k5MA0LZZ5m8YBjDW+Tq8+1j/It78CW2AGQVQf5NcvJE4Ei9Iqv/N/0eRRA9RTzvuNAFNZXfacsjQgiW7/e1vdAqy2H6CLHXu/H7oWIASAn+skoFnjREnAcsaQR0vKRX7mlgRAKHwZKeTkR+z2w9oqrKM/4lFD9G9dCiEb4voVlTy/HprUbcPHcMai0THiS1cKqIJgGwRAEwyD05zxUmxYm1qcb8yX/zKGi19naV9g9oSolDQ8osBwNuFe6XKcIw07CMO1SoVCYmy9h7jnnno8xjfXRUzJMZyIqL+HrvsUAsYgsixF7DRdVwCGHSNiHXrF7e6VgoxOim/8bOCV2IGgkokjluo+hTVfwx0CkrOzHOI/x7tOP/T85AvKPXkMxXDYyT4FGNTGiDLViwWhHmY5ENDLQLq/MSrgn3HDQSCSpnl3/vRpANYjqQWYDssN53HfvnRhoP4qrF48DfIJTUto2maSWvdctuu8DedfH+Nok5o6rqs66/qK+YaftYH9uX0Mq4buuB2804F4ly9U0wRnuG4ZImL19A5dMmTUntfjUBTBFueeaelpq7wAK0DMNdkoBEkGZotdH9EFQB6t0nO3UG+vhfjdXXFEsBI6CbFdm/at0LJXtVUAWDmhVxfBrFMg3lFkESw1yiBGztPhniNihpLMbl5WXVIbiUlhO+mUPPVVOagyNEmWVBkGo7CZqlYEJ14NQA0K1+i/VA6IKJCpQzPVj6VO3I3tsAJfMHQPyVd9GICQsAT9cLCXUVliorbDBzGhIJzC2Klmb97zTTSH2ZX0+MKWxgtsHC390ASd+V2+0t6cNVqoCyXRqbX6od83jjzyE9vb2ciCAYj0BkbaztUPfbaUWbIM4MQJ+rgWoDqBqfSB+d6FDr2vH7vjviMqzkVsN+msMvQpjAlSlehyqQuQeFBuTlL1P3KgRml0jT9CrRmOKkFQdcxbi8L1GbkZ4sQzKMQDL1g/AwC5ar1FROoT9wY2AmASIyQCN09Ls2i8PFgYGe3HkaDuqa21UZExUpUxUZyyMqU2gKmWgOmWgJmVibI2NphobNRUGPJ+xvyuLnOPh4gVjps6aWvNFyxbNL7b2jY4FXu0aTwRhWHD97CEAj+/auuHcjRtW1U4c914YhhExKMiK/NBCe14boQsqBwBKzJubbBCqNEQdVKe/C52zV6N9xQNJln1HOQkYmpvIkWUUZASMcF73OlVKY5ISkLJD+7lJvYlt6ff2YqLtYgTSSCOQUxEuylK44T5i9y38mow9W2N2yhznXQb/XrTAyuxqkMTWfgoZkFGp3levXFG4+CqxY/chbNvdg3+5eirqKi20DbroHy6h03HQ7ws0pFNwfB9DpQISCQPChO90F5y2/lypxy95TfUp2ZNzKody7ngAx/B/Q5T94wg4AJB+oG+PpzuOdfzZLbf8/IozzzkfU8aNV6UWa0vcwJmToURwiBTAwFrCgUlRwcjWZGdPZUQ9MmCUYguer/ajRX0NvyF9S4qBDBSbv8VLs8CA0SvvU8OyMBkbcSgFahKNYFnSsZAEuBgrT2XM0IRfJdgo7PlC7/PYgyCatcXJaGLE4yXIxrHPzsUY4koo9zv3NUpp617UKDfRJBuu4+DAjrUYHMzjic09WLc338dZ/1jG9bK7+grFo3a1M7Ex6eVKnt81XCh5knOWiSNzzHy7dLKFIemVWnpy/tFep8tl7KpIJDjrOKMZ7jWbQsOG7zuHADywevW6Mx5+8qn6T//VX8M0tJtmQLzluAWjBQgDLA01b5PBoQ1MPRR8znCUCyiPdDB9pYDhsq8gJntXpgN5wtwXQfWE8o26yBlI6M/i6weAiPo5RCKrSq+kAV5Romv7I6idOg7J+hSkO1SWsSK4nrW8evk+X1TSUixQAwkFU68xiRGueVbsDsUpY7Z+gReVuOzFNjuCjfDA1MOIIbJCz+tsBAJF+9qP4Y5H1iJL1V3Ldxbv9bP9K6rT1rE5NUahK8fOMQvuEJFf8kw/n7c9uH4Jg9Zwm1vhAgfxp3L9zgPO90OS7UO5bP6qm395z7suvPTtYvGUcdGB5BjcHdKGTJAwlE4pAyR9sIg76AyDZU4DDoy4Dv/xMzWOSRlQzKZJhHbEFEo80GuMFrxYXggY+qYeacTBIM3U57jnmvJYI7IhZS22PHof5MB+jDl1PoAelCkixz53gD4qEMR/hdabYr9Cd8QcUoYBSaG2Sbys5GjNJkCF2Ys9uzT9i4RSYibSHuMYMW5Q/ajn+3j66Wewfde+QVHTcENl3ZgfN178gaG9P/oU1gV0VPRioGcv/tQv8X/ztgwi6gHL2w5sfbH31jvvRdaLr+JbsadlbPWETJBIAyKlibO6rEQGoAwEJXVZk1LUIlQqD+wT6uj7iC+NRvJ3Dghq3YdCG60TuarycaMEDhkdwWDeGQF86B6J4gN8AWFOwqHdG/DC44+hbsFpEBYgvUIUvIBWfXbDz8OvMApQD4+4gG4gM++X9Xh8ghFCmSEKa98+LqFcUt6FWkdytIxlA4gmAlyNcoed6L5k+wbxwsMPws3270Exe0+2/eDQ3h99CqPX7y3gAMMwQMBSJzv40GO/uMlfseL52C+bYxC6iFGJRDTDEkkQm4gsgG29IpJUqBnSGrG0ToDEcZjZVJnl6qe+jKF6ppIrYCcaS5R5k/MJoHhoqpXSXuHATiqkPRkRiALl202iFoyxWPfcKtiTmjHxtDmQbqfOhFYYMOXwvTrYPGIEQnpToLykDIjKVjh2oBHq1uqeJqPPR1Yss8bpd0bZkSCyQdQEQjMgagGRHpFd1bVx1Rps3ryp4PveE7Kvo0UOdI1G1u874JgErHRlAWT+7NihfTvvvOl7aDt6EAGRWUHmsbUbEloQJ0Y/4sBUUPd0lASQ1g4xI5/aNAJZZBBK2oQwTuANAAQjlsHUdjWF5ZwXTrZQBkD4+o8sg9k51J2MWyqr/xpmPdpbjmLv1r248KoLkUgKRVWj+KBconyp1lRE79A9KJjRBUTh2BglzJJBsAQrNTEuJMV/3XG74cDXXMQeGMH3B+OLSjWaEfaI8UVQcANPbNiI7my2D8AzYCn9UnE0sn7fAee7DiQLTlQ1bfOk+M6Ty1Ydu+WXdyJX0CYWFMDSI/bWSGgZPc3O4ApVzlAVgAb1xKU6ZSiiDwOQBiGt98SC0JKhpiTr7Bn3SiUoqQSmRExWL95TcUxwzy8r1Y73NAhKsUBxTBOFhQkIibVLl6NULGL8zIkg9MU2EILRRrApbcZ+Bj82U/NijBM3etiEJS1i8zMv9iDSGZ19vTjq6YedGytXZTQ3DDO6/v9hRWHFEMzyq6ezG9tf3CidQn4zgH1CmKNR9YcIOADwCoMoDXe6wqBHhoeGb37ozluKm1c9Fj7FVdDFvNPCJ70uK8lUcnywAU5r99E6EDWCRBNINIOoSRtfVMWGvSpzSdg62BADy+PInxjRH9ng0MxQZcE4uC5hhcFbXsJSiGyynq0pefQkStksjh3YiTPfeipq6mohvZzO1EmdXRJQRGH9tRDhhM50VmzUQCP63jiTH7FeLnh9fIdNxKrtkcN6MxrVhEGVBCET/bt84pHYzlWr0bprhwfgKYCGPa80GlV/qIADgHM/eR3ISGftusm/evngsWXXffcG7NqzPzoExAihSeYw61HY1+mjwUH/YagnL1UpBWJRpXUblfBQ1L9F2YrggeBC6EylAsnWWc/TGawU9noBlE4yCyGzChaPPQyC96Myh1GKebOpLWthZPDyrg7khgcx//RzYCcAZqEXN2v1g6NS/zzp2KE3o5JOE4SVcnNsHBEEHtmxEjDQsLRjPXGcFG3FGlJrhGYmR/0123rXLYD+aUTJrl7bO5zH7U8tRUtH+34Ay5XjiTEaVX/IgFv9P19E47zTUOo73FKC+e1nX9i08Stf/SY6Otqjg0UBnA4VgGQAIhEdCqF5lazdQTmpkcsagBr05kEfjtc8CRYyjVgQcgwJjO+Vke75HAguIOB8qoF7MPvyIeCrwGQZgisET3+dIAK/bhKAaMDOLYfQlfeQqWsG/FysNyLttVARzRw52P3jKHOFDyEvVobrXx1JoMx4BLEZ5chxgncC1FNv38cH4CgplJIAIANiU2VN9o8bvxxuOYzt27fB971ViYrqTjtVod9v9PqDBRwAdGx+Hol0Bmde8e7Vbqn0/5587MEdP/vRV5Ab6ETcLrd8cCw0M10z7EVC9WqcATgFkhmljsWVCMwyuEz7JEIaA7CEYwhbZJQsdLbTJRrr/oklJFWAqRKMCkRDZo6hgQEkb4BhQQaBBIYQCQwNVONoay/mLJyPuoYpkNLQROZUrCRMI6C2lQMbgSKXKO/FyoLJ0EFaHDHeGJmNJMrYIwz9fX5ZOapKy3SM4ZPQmwHBfl75cdm2fTtaD7UUYCVWNp96US5R2zgaUa+F3v++/iHfddG2dwcAtPge9x3YtXtJjchXn7LwbNipjN4QiAMpFGaXcGkzQDFFQvc/ppp1yT0g7oqVW3zcWubxnuLxgbNCLIk1U4NMEBfCz8LwNZDjgrikEE4aOfuTKvNJ5ZJjWuNw7IiPFUufx9kXvx0z554OllkQqaCjcHvajj5HsG1Nhv6v7nNDaN+KBc7I56WIzThtnf3iu3QxYChs4cywbA3NPZAGUUat3NB4QFSDjHQ5ogxCd/8Abvyfm7B+9aoXzVTyxoEj+7qTVXVwBntHo+oPneHiV1X9GDYS9kOtffkbvvbDOwZuufV2DOSKKNc51FC2PnhqHpRSvY5I654nEOCJ1k04Rl3i47wBZIzn78Zmb4GeY6BKJUGypOT94IB4GEIOgHhYI56WHjVAi7UyhCyAuBTO6YiHAcPEoX3bsHZbFo59qgZEMlFGowqFsJKtlzvrYlZWJ1pClbFyLQg8L9abGSfu1cKHjYgBLEY0Dgi94rRAkjbZhKiM5CBCknP04NqxZQO2b3hewjCerZw092i6YTwGW0eZJK91/d4x3KHeTgBwhGHd3N7XV/cf37/+s8OM5Kc/+deoqaqI+p/QLcYI/04IVnkCPqUJcAKMhCI7HyeNF6xgxoVQuRylZBfEjuoTg8MlhEZFSSkhCxGbL6aAEGjx1XtTQqOXnobQk2CPcKylFXVJwvjGhEYcq/TrSlAaLQHwYWmhICPWgwX3INaLkfYSICsCmsr61uDX6cTQTi+Sd2ALZZLtWjdUZUMtxUCGmrshFUOPDa2wrN69s6sHP//VPdi9a98BsHi2f/f6XKKyfjSa3owZDgDqmidD+u6gYZo/7D125Kc3/fA7uUfu/W+UCv2x3iZeVgVllhmRaympKWAumLPagpfDQKCQwRFktwCt9MDaIpkCJaw4zSwMXD/W54iwZ1PAihf2U8Sa20l6kM4eIBrhFMdisGsIZywci2mTa3U2qQahVvdwseFzqJKlkUiGfn9COWc0vgcXACcWyknJwZ+I2R9K6pFZzjgJl1AtKFHXChA1aO/2jCYeyLKRgJQS69atwZNPPOl7jCcFGZuIDDjDo6Xkm6qHi1+F7CBsMw3Pc3JExuahocHE9o0vLrC97sSseachma4BRlCXyv6QGevpsmC5U5nKa+EdofmGKOP5+2HZKriohXPUgWOikL1CoSVvSfVjZJbxmYmdGHhh6b5PCduCXYCLMOwGDPQauOu2FbAnXo7LrnwHBEqRY1A4uosdfNbKZBxXJ/NiPVyk58/sRpJ5wbZ2vBQPP7Af/Tusy9OwldUlqiZZk54JElWrchIZvQjs6XsFgBIYHOjFT3/4DaxZv2WrmUh/mwxxUBg2pD86f3vTBhwA+NKFYaRgmpxnYW7wi77z/Jotpx1tO5I6ZdHZqK+tOr7ZL6MlBVBIAiy7AXkQQEJ50JW9FnplxUAg1RDQvRTLxAgDmwKNlWCWxBwbEkOBKcSAMMFka487T5eZkZeCsCvQ3+firnvWoHbCebjsredDIBC+FbqETIBYb1kTFNLIwxFqSIj1XIT4Amk46iBDJzbtXkN6Py+wIS4rOyMv7zLVMI0KkwacgpKYYGoN0RyYh0EQ8KWFh++9Gd+/4db+fMG9Xnqlh+yKapRyA6OR9GYuKcOg8wsolVxItzQ4WCo+X9NY2bV8xW/wT5/7HF7a+fLreAcCRArCmAlQjRKYZV+XeTI2mNZQfSDaQ2kwJcNsKODprMex/ojAIo1IeFX3Uxw77CGQoKlZQRaBASkTkC7BEH4MgUzrbYi0ht8rtICqzq5kazmDihigYUalLtkRSwVpPYu0dckYWFfFCc+Gfr1mnQTMFo59JqQBVOp/x1egCRfBGAJTv34IDIGFQOe+53DLjf8t+wfzq0mIB0iYKA72jEbRyRJwVrIaDVPPJwCLTp037TP/+fUvTvn2f30Ng8d247Of+TQ2rntWr7GgDAQZ+SOQMQlkTA6BBY7J6gRiqsTRYeSAaxn2aLHZFUejCYprSLKvykkwIF2QX1AmHCxBnAfJnC4pfUAwOJ+D211AT7EIpbVohMgqURIkEiCh6V0c6FUm1cwLWmMkyFplWZtiKls6uLigSlEuRQ8EjrRJ1N6eLiODErUs+3lgLmrDyJIOsqwub4sgUQPPyeFXP/tvbNx5tFMy/YQld7IcHXKfNCVlMp3BxMlTqG3/piX19XXf+cynP/H2D3/0761Fi5Zg0fyp2P3SC3jgnrtRKBYwc/Y0JFNVeEXlLb15zHwYhEIIFrCWWSAwmAjEkTFkBDgE72FEXyNDScSxo+NQZRemhCrpguVTDrRLolUjhoSwJyLXI/HUPevQXXsK3nrphahLWbF/N9qQCCvHsG/TxGmKtP1DZDHOCqH4Dltsp42MGNASDMlj60cUs2+mQIYiH3v2ao+DAA2mJIQ5GWufewDfuv4ev62neBfIuNk0LVdKfzSCToaASyQScIoF9Pd0zU7WNH73gx/9+CX/8Pf/KGpqKkEoYtzEmbjgwvNhJUw888g9aNmxChUVGTSPnwwhrFf4MdJKbpy7QJDaCYAh4OvAM5SVkgYbOOznZEzROA4oBP2cFWUZouMsIdWbBDLuqg8URhXYr8LmtVuxeyiDKy+7BONqKsqRxDDogt4yQBK1fzpMfegD2T1Pi+aaoX9eyFAJ6HBBSRwO0BELMD1OCPz4whWp4MERZ7UE2T0JYc1E677t+MY3vo9VLx5Zz2z8u5k0jvmejNHMRq83dcD5EgC4FomKL5/5zmuv+eqXv2TMGN+oJMFRAsNBpqoWCxYtxHnnzUZ2sBXrn7wPuYFuNEyajXS6MlZiavCEEqonkv2AbANJX0k2xMpRReWyNFKpy0kywl6Ptew3xQflRCFiqMpSf8RBi/V2rNZnhJGC6yexauVL2HvYxdVXXIrxzY0x9HBEpmMlxhpwRaNxohGzCtYmG+GeXEBwjnMoOUIrA+5kMLcLZMxZxgjj/ojviVHfRArCmoOBjj5875v/gTsf2dNW4syXkiK/xkeKpTe68/bbXL/3wXdlVRWK+VzKleZfzzn7gg999d++aC6a3Kxh8WAY7YPdHlhGF6bMrsXYyX+Jrrfswe6Nq9Bz6FnU1X0w2pkLA8+AELPARg5StoPlEZAkwEgBHOywaQ4kO4B0lNYIBbLjEkSmFu/RA2AZR/y8VylpKUI1mQE2YRj1yKQr0D8whN6hbDnQEw86EIj09oJhgqQBZlbZLHKq1L2dq0V9AtedoF9TkgihMlroC675kcyxmVspWvIlPe8LGCwxvqQwx2Cgsxc3fPvbuOn23wwXOfXDmilzlpWGuqTf1TIaOSdLwBXyOUjGFVVjxn3+bz/1yYrL5k+LyrkAyuaSynTsQpZaYVIfxs+uwNiZl8NzKyC9dhjm2JjdbWx51VwAQQZ89wmwPAiSrmahiDINR4iAncK63NR9FGvFLBIgIxllD475I3CQFXRWcRnsMSipyj8p80immjF94iT0da3C83uO4cJzgYwxUuwo2non8vWIQQsdsQUgB1AeREkNYOSj+RxK2nlU95ghgupq4rGIihiKLaHGBYQ4yN5B8A0DSMCw5sPJT8AdP/oafvg/zxSGHNxq2v6vBvavL4yZNh35UQWFkyPgyLDgM04Rgv7xsms+MOY973wbBEGje6rxZ5kHeAiMSKGLuR+ydBDCsGHZSUB2gr3TQMYcPaSlMgCFzEUQlIT0VoD9lxXSFgy+2ddZK2L8kyxGWUojb0SGonuxjBw/WR633aLOtNDfrmXxZD9E+hCmTq/AOPShu+UAiqUSMin7BEiriPRESCmXgYWSCpQmOCAjQ+m7EHlgHtYZmbSzkGblsFM2f4wAl2Bm50UIJQVupoGchRKzFeZkeMWZePSO2/HjXzya73f4F4Dxba/kdQNA58EDo1FzMgRcpq4Jhmk1Dfd0/PPC868491//7mM0tiJgyrtgLmm/sj6ABvThyesDmtRScx4ghwFsVyUjd0OY54BE/XHzOWHMBqESkraA5TZAHgVQCLdT1Kv8mNyAHT3pg95GulHZhtgQPMx4QcwwYAiN0geHuB8NEzMY25xE6+F9GB7OoT5lH9d7lo0kQvunALjxQBxscSfCkluJKFn6wVTUhicxwnOQuQOtTI7JmsdXdAKyOCu+qWHNQKE/hXt//h1c94P73YOdzv0Q5nUA2jE6AnjzgyZ1TRPw1ds2Yvl9/w23kKt2csOfaThl8cf/7ZvfTF9x1qkwKH4AXDDawTgAcBeAIYD1LIizWqQnrixVAHM3gCGQ1BLhZdobBBKVEDQeJMaBRA3UFoGr7Y4DnRMBCFtTvAw9EogDEgZYJPQ6jtAkZ0L5ZjNFfZJGOUnYsM3x2LrpIJ7b2oNLr7wS05rrcWIHn3ipGahwBV9n7SwUZ9wk1OflnJqXIWCrCByv0UlRYMVEk0JuKqsHjGHPgNNTgZ9/++e47scP+4d6i/cTGV8j4PDoUulJEnCF3BBWPPIr07LseUT46uyFi//qS1/+avUHrnwLUpaBQEpODVvbwXIPWLYA3KP7iaC8LKBcIVkfGpTAfAws94PlURDyIKHlCnQmYpiQsgbEkyCMOTCscTBMAOgDswSLpJ6tKV6hYuy7IOkCRsAgcSOF5RARjK2sUBwL0XQsWUKqegwK7X149qn1qJmxEGefNh+WIV4hu9GIMpMRiRLpGaKIB5KrwZIsypdPRYwWFsn+RY4+Adgkw505w5qKbE8lbrr+Znzn5mVu25B7M8j4Bki0jAbbSVBSXvS5j6CULdDamx+sJzv1nllz5/792664dPY173qnffqieTCNYHtaCZGy3w/ml8HygD5E0IetFBM4HYkQRuLjJFwYdg9YCjh5H/lCLXK9B5Hr6URbZw6H9ziozdmYclojGhclkEwlka4+E5bdAdPIAmYa7DmA76qDDUeViSRCACdSjfbLNUAgwK4PeDIETQAbkgsQBnDRlZfjzPt34rlH7senr70S6THNKPcNECf82RTrwykLImJD+TCwlkEIVagDVomuAJhHlK6e/rgi6kd10AlrNgZ607jxWz/Fj3663O125c9B5jfB3rHyscro9aYMOEuY2Pij20Repk8fO2vhv5x13nlv/9QnP56+dPFcmKYm/wazqxCYyIHdHlVChtr2Tsx/YESQEQFCwDBSIJFGfqgSva0l7NmyFju33Cd37ekdajl0NDswUPCPDDAP5VmmGVRXbdO4qbXG2NrK1FmLJlWNGS/s5jEGZs6fi3RdNZIZCctkGEYlDMvR+V8hgoqCZaj9OIaidemlVTYTYGmATKG2o41KgE24+Wb0l3x4mUrs3fQC1q1ehqv/7IMQQuCVhHniZh4ESykocwFMBb0WVNAPqoIGTMq991TgBSBJAKaUYn2oGgWQSEPYM9HXnsSN1/8Y3/3ZCjfHibuE6X+LhHFMugQe3QD43QOH/0fved6YWYuv/9vP/MOSf/ro+1CdSZ8A2iMM9nXgyMvPYOyEPtSNNeB73frpHEi8OarnYvX0JsOEMJIQZhrwK9BzLIuXt+zGiucO4sUtHaUtOzoPHOnLvcjAOpPEYZMSTkF6EuQ7EEKQSFtomG1juGNsg9O2oCpJMy3bbj53QWNzw+SqTM2YmmR9hZWsqa1BfX0KmQYfhkEg04JtCRgGo6K6Cul0LSwh4KMI9j0YVhMAG57rolDoR0/vIAaOEXZs24flqw5i5aZ2DAwXsPiCC/HTn/wEZy2Yi7gd8IiaFIHmJHMJkAMaSBrWgaMyMHOP2pLAsL4/AuVec8HIIaFnbwHFS4KMsRDGZBzYcRg/+/FduOn29cWCyDxQNX7K16Xn7us/vHs0Mk6igFvYMH7KDz71hS9d8vmPfwQ16eRxL5BSYtOGVVj1zH1o4Jdx0Z8twORFE+AVu8FwNM1JqDkTAcJIg4wUBJnI9wzj0K5+bN/WhefWHOD1Gw937GsrbM87ch1gLxPIvSThZTNmJXLe8HH/9ic+9V7cfNP9eMcFc8wDrZ01B44NTqgUcqrrclUJ1DitMnFKZUP1WKRTKdssCAPSdiVVW+AqEkg1N1UnpzXV2A1GxswZLoRkN5FIS9diP1soFju6B3L7j/YNDeasgfaO/t6OgWwfkSgJOzXBtK2LLrv0iorvXf8dzJo2CeUCP2JEwBUBWQDzMBgDAPo1GqmyP8tOMPeoWR2XEEnCR4460axPhMQCYTWAvbFY8eha3HDD/Vi6vrOj5Pu3JtKZWwC0FHNDo1FxEgVcNYCvvPv9H/mnH3zvu2LyuKYTvujokUP4p09+BAvn1uBTn/4b1DYdgmEcgQzZJj4ICQizGSSaAMHoPdKG3zzxIpYt3SX3HMx1dPS6L7b05TY4BX8zKmr3WFWpo0Qoldpe/q0+uA0bJbCos0W1kamq7i9aCa/QS4BjQYmRVAKoygAVsyqTyUl2OpVPSRI+5SF9L2d7Xk/WyR4a8AeKLLIwG4cheAilvhwJeFXjpzZ4nvd+kR/858/84+fqv/Sv/4xMKjliRBCTS+AimPOAXwB4ECyGYmwcR/NG+2IZLuj1IvVp9fVgkbUKRuI0OEM5PHTbvfivHz6JHS35rTJZ85+GLD4F6WV9d5SudVL0cEKYakYGzLDqmt82/7y3iLFjo2BjlsgVHGzdtQ9r12/Ai88/CLN4GB//u39D0+R6+O4aSJkLAQRhNIKM6SjmTezduhPPPbOeV67Z6760o721syv/UAGJJ2A17UfdpB58/z4HN34e7vbH/1c/Q0kJA8m+EvpR6u4/0Wtu+PcrYSdMbF57mPLZghgLE1WTq2RVczOc3jwTEb5xyzJ1yL3O6OeXQO7IvuHGUxb/dHiwq/7WO+/+3LjTz6VPXP0WLTnrj8hyet4GPfjmpO55vbCsVJqWec020UBPWKIKVT6SCyAFIWaBjFPRc/Bl3PrDn+Knd6/0DvcWnxNW+pvJVGqNX/R918mORsPJEnAsLIhErZCF7lnTpk+feuE5Z8ImQEpGX18f1q7bgAceeqj03PMv5Pq7Oy3p5jPf++r7qWnSqWBvBZjzEGYlhFEF6ZnIDprYvmYtbrv9N96z61sGe/tzm3MFudST8kkQHUbV1DzcLKNzG/C3p/zebtZn/uPpeCP6hnZTPvuxL+KnD/6q0pGY1pBOgw1b+4qeSEtSjSAUb9IDhA2SelYZ7MuFMzQ3hlB6saxmgkQjhDUPTmEyNj39DK77r+vlqi1Hjw47/EthZX4h3dzhYr/LUYYcvU6KgLMbxkFIXxQsq3Li5BmJmWPqUHJdPLtiJX75q9uHn1u3ae/Q0X2rSiXnGQCzM6nUvzZPOmuMECkIUQN4U1HISuQHcmjf15r/9X2r8/c9vm/gYE9xg+fLuwGsAawhwPLADAzuObnucrIW3/v1bU3pusZvnHna6W//z6/+G51//tmxmx8fDYwQcA0gfJECpAXiIpjyKJ+7UaRcDYBEPYR5GsiYh67WNtzx86/jZ7c9PXzgSN8Kz+cfGaa9avElV5b2bV6Lge5jo1FwsgWcYScg3AKQzLCdTqBUyuKu+17At677r5f37tnxK2qcdA+XnEP6lGwU6dp3yMppYyRn0HusFtvW7UHv0fZW5AbXt+/r2rZ25dHWIz3+HrardlY2zsgNt25B+SLlSXYV+zNN0876p4uuvuZ9n/3wNfZZc2fEuJcjxwKxYIv/lT2AilDzt4KifSEQP9Ie6FQHYUwGjFkY7k9g6+Zncduttxbve3rTrqHUxF9b45p+gSO7On3PwZZnn4RXtk0/ep00ASeH+5E+9WteduXn9hf2rW156Mbrxvx6xY51e3dt+z7Az3BnS0hXEJnaHmmIp9btO3x2umZj5vFf/bi4dcvGFRXp6p+dN0s+9++/3D504yfm4tmbdwMFB8Otm07amzt1zly07N4FGOmrLr7ssr+87rOfSE9tqkO5P7kCOJil6r7C+IuRqbkARh9AWagZnKK6UdDLsQAZ4yCsBSgVarBy2Uo888RDhbUbNm3bvKv7yWL97MfScxZt87vbfRzZBQCjwXayo5QVFQlki1xxxljrggrXq9/R4WzqAfadqNexq+rGTTnvys/UZ5KLdyx/ctVw1r8DXvdBfOhB4M5r/nhubvV48ODgxNOvuvIn1331S++8dMliiDBzlSss+6z4mIYQuhdzFFLp94L5IBj9Wh7dU/M5KPUwISYCNAHsVmDfngN48sHbS089t3r1ui37Hx4uJlcYNTP3spd15OCoKvIfVcC98To0XQW7pg5msgeELIYO/nHd2WQlDAj4xeFr//5fvvTjr3zxc2Oa6uuAETbCAf7CZaRltTkB6ULyAUDuBrPUXnF6NGDUgcREMCpweF8LP3b3A96mjVs2HNy/985NB/NLZcPsI5B+ye3aM3rK/9hKyt/q8vNDKOT/aKesiaoaGIXhdL5q6hKracKYRLoiFmCG2rMFQ5CIhV9sIRQGGA7ANoAMiAIfgRTIqoCb97F301IsX/ait3zttj3bd3XdNtyfv9+SODq1qtLd07Fz9HSPBtyfzjVt1gIUh4dqG2bOmbbo1FOR1rtwzAJD2Sx27tmP4YKDJYsXoKYiDUCC2YdkX5WVlAAZltoC536ABsGchjCHkevfh7tufAo/vmVVX0tX/iGW3g/yTvUeYLYP9KKrbxR5HA24P7FrYmMTBhPpxFlTx6cWj62BBaDkeli3aTOeXP5C/vkVvznSPThY/63vf6vhPRedpzTEiCF0diu5EsXhdlRkJMhsAnMSwqiF63m467Zn8J/fe6716KDxXU5mfmnOfU8WW34OYGD0xr/Jr1F/2P+jq27SDBSLhaqCaV9Z3dg0K21beOihx/xvf/f6l59a9uztxZL73SM7NjhuuvbU888926pOJRUoQgJ79x/CbXfcjfvvvAH+0A7MmLsEhj0dhWIt7vn1anzvJ/cfOHi042uputQvqpuqi9ldK0Zv+Oj1p32NPfU8TDvzwnRm9hmfn3H+2w5e9d6/3DFz/uk3GpZ9Ye2Y8RmRrAaszHlTTr1g77rtu1ky89H2Lv7ZnQ/wpe98H1fWNm8HzEfPnDd+aOOqu5lZ8sP33s2zZy04AND7R6uTk/Oi0Vvwf1g+pKrBvlvPXmk6S68EoBVAPwBG/VRAcmpCfdV3vv6Nr3w8mUgkHnvs6exvNmza1tl2ZKko5Z/yzcru6hT9xV9de8bfve3C+Q233/3CljsffuE6D3gSwOiy2mjAjV5v5GqcOg+2bc+cM/uUf8jlc/VtLS1PtR5oWdk4eXJ316EdeaKVsCd8uvpdC/2zTpuaGL9x18Dmh1Yc3IXImHv0Osmu/w/1wFAR2P0QEQAAACV0RVh0ZGF0ZTpjcmVhdGUAMjAyMi0wOS0xOVQwMDowMTowMCswMDowMEmQnAwAAAAldEVYdGRhdGU6bW9kaWZ5ADIwMjItMDktMTlUMDA6MDE6MDArMDA6MDA4zSSwAAAAAElFTkSuQmCC','M',0,'오열하는 피카츄',12,'2023-05-04 06:16:10','2023-05-04 06:16:10'),('ssafy@gmail.com','1234','김싸피',_binary 'data:image/png;base64,iVBORw0KGgoAAAANSUhEUgAAANwAAADGCAYAAAC5F+58AAAABGdBTUEAALGPC/xhBQAAACBjSFJNAAB6JgAAgIQAAPoAAACA6AAAdTAAAOpgAAA6mAAAF3CculE8AAAABmJLR0QAAAAAAAD5Q7t/AAAAB3RJTUUH5gkTAAEAWm75fgAAgABJREFUeNrsfWeYHFfR9anb3ZNnc9JqpZVWOWdZsmxJzsY5Y2PAGBNNMC8ZTHj5SC8ZTDKYaLINxuCck2xJVrByXEkrrbQ5Tp4Ot74ffXumdxUsOYAN7ufZZ9OEnu5bt6pOnTpFeON443iJhxA6AGgAdAAGgBCAgPreECwpH2+EwmPM1OA4TTdqmPkfVj7zS6Hp2Xw6+V95zfRgJLbAzuVsoWv7wBiwrPwbK+mN44hHsKQEeTuBSKAy5JhmnZ3LNjIwFkAVgAoAIwHUuj9zvZ1LV0HaOqQULKXlOPZ6SAZD/tdeQ52l/BUAIqE/5jj2QwSxTtf0LsmSHWm/screODxPZlipzAgBfZJppU8GYTEzTwNQAyIDAPmfQ6RB2hZsKUFCA0lnmya0v2vBcDaT7P/vNTjHtk0G5kjHnsKOvISBtayJ+4Lh+AOGYbQP9nS8seL+GxeGEQFI6OyYo5jlDACLAMwCMFk6TiMImtA1gAGWDAa7T2QGiCB0HZphQNoWHNvqY5a3lZRXrDPz/90RlEag6ULT5hORBuZSEmIKkVjCUi6UtqMHoyWtp/6/27PJfdsQKa9Gpr/7jdX4H3aUjRyLWGkcHB9BUkIEK2qqWdJyJ5e4gVl+gIiuBXAWgMkAyplZaJoGoRtFQ5MSEAJC0yA0HaQJgBmOY1tS8p8c2/xONpXImLnMf/W1JiGM64Sm3QpwSAgNgWgMEALZwT5mKftDsdLnAyUVt9qZ5ON2sj+px0qR6ut6Y5X+RyTwJbDzCQCa0AKhMkRK58lc6oyAYy6LhtE4c1xlRY8ZDW7d0QJIB0TkCxmFa2zMwxcUwCrAZGZmXsfAtQB28RspCkBkTCDS1wjSWNMMDoRjHIqXsREMM5FgoQecQCTeE4qV/SwQjs0kwKA3Ltt/QnADQCdAVAF0BUE8GA8HemZPKM9/9Jrp8m8/fQt3tt7H//e1TzGRzgTBQugn+tUhhP5mIXRN5YFvbHJE3A1gNUDzGYBj5iFtCyQE9EAQjmUKK5uuFJp2g3Sckxj4KYBHBXAAgCXfuIavs8MAQAIwawDMEoRrK2LaxVPHVcUvOWc2nX/xyRgzswGByFQMdAq0bXsOYMcNH+UJ3e1+AN8DcC8A543rrgyuurp6oLOz82Ei8eZAMFhFgtxwgSWk40DTAwAA28pr1SMaZk2Z2Pj9Q81bVzYf7PsLgH8CaA/pIeTs3BtX87UdywCgIGCPA3iBAM4ZVRs7a96Mhqrzz5yE08+ZiTFTJ4B1DSx7wE4nNj37GB54ZDWEEYRuGDBzGZAHRipw5BjGdguAnwFIyzdCyaLBdXV1QQixiZnXOrZ1rtA0gB2ACLaZB5EGqMT4vIsuwyc+9M7QM4/de9otv7przratW06Hlft9zs49CiD7xuV87R3xkVNgphOx/GDXPLB1VljH8okN8RmL5zeVnH3+AixZuhg1Y2Ng7oFj7wXnEoBWgXyuD/c++CyaO02ANFjSGYL7kxAqfePhb5kAcKsyuIE3jO2wkJIghDjkOM5j0nGWM3OIHdfghBEAJMOxTQCM+ppqNI2biKZxH8WUhWeV/eJPf73qH3fcsTDR3nIPwD8GsOtId+CN419zTDrtMuzesgENIodUpErk0oMN6b6+Zcj3n10T4fkLZ41qOu3MOYFTl87G+CmjUFZLAJlwzBaw7AfYAigATR+LwUOdWL16PxgEQUJFPTwUHJEMZgZpGlg6gOQ8iP6sQsm+N4ztCAankBNL07QnSYit0pHzGIAQAuF4OdixkU0OQDoWHMcGS0Y4HMLSk+Zj4uRJOPf0pWNuu+VH71313FMLctnMt4UQ945btDzff3A/eg7seeMK/4uOxeN+i+ef+TCkPWgcLK8fgUTHNZqdvLwqRmPPOG1yxVsuny1mL5mK6lGjEIwA7HTDsXoBzoEhQdDBYAg9CikDePLeFdjQPAgiUpHj0H1UOk4xVGWG+yL0FIDvAuh+w9iOYnBS2jDCYRDRZpb8kHTy0wkISsdBLtGPQCQC3QjAcmwEg4Eh0HBdaRxXnX8uTp49M/DtW3560p9u/9WP+rq7F+9e9eTPhZR7CHDecHev7iFEEESCVu65Lg5gIgHnBzJd54+uiUxfumhW+PIrLsTCZaegvFKAtF2QVjPsbBoAgSGUIWkqx2MQlcFMpPH4w1uQzjsAaa5nk/IoORuDpWRmfoFAXwLRrjfuyot4OM0IAraVh6bdJTX7HIflPLCE41ggoUMLClhmDv2DKdhyqAnpmsCY0Q34+pc+R5PnzKv73ve//z+Htqw7OZ/LfF0I/VGWdjYYKUc+0//G1X5FDc0AkS4cJ1cO8GwCrqwqD10wunFUzfIl8/WrL1tK0xecjkC0HAJ7IJ1WSNMCsw6XX2wBkCBoymzIXQ4UR29nAhsO9Lg2JjxHdgRjU8CJEYnvYSk/Y2YSq4uV8DeOoxpcZqAHkVgFMsm+dboW+BsYk3QjGBOaBhCgBQIgIfDcgS4cyjmYFDlCch4N4z1vuQwzp08VP/vpbYvvv+fvPxloa/mFpgduJ3DLG7ndK3NEy+pQUjmCeg/trTBzyVOI+OIRtaVnL5w1ceT55y7HaedegIamBQgaEiwPgJ2VkHIAgKVuQFDhW1LdEs+i8iAtDCKBF1ZvQEtnBlzEJI94MBhCiBYjGPpiacO4J7MDPU7f/p1v3KQXzeEAZFJ9EEKHZHkXwJcT0Tw9GIRt5iGtJNhx0JPOojcvC0SC4UeAgKWzJmPcN76MRYsWNNx2y/c+t3XT+lm5zMBPwiXVzwDIZxNvUMNezu1KD/SUpAc6zwD4kop4+Mxzzj65/qJLL8XSU0/FiIYpIEGAkwDbe8GyGYw+FTIaihViwV8WY9gqD7MhRBQym8Sjj6xBKithRGJw8jlAOkf0cATay1L+r5VN3dW1fZ1lmW+Uho7b4HzHHgB/t838NCmdkJQO4EgwMWBbYPvFk+GRpRG8/61XYvbkcfq3vvuDi++/+6/Tcqn+v4lA7GdasGS/k0+8ceVP4AjFyqAHQoH0QNfJLOV11eXBM09dsmDkpZdeSmeecwHqRo5zjYozYCcNyD4wd4IxqDwZAXCpWW5IqYFhg9TtZ5gAEUiUoq89i+Y9/XCiIxCNCKS72+DII26wO0D0eSmde81MJvff3HLzkg1OShuaZtgS+C2Yz2LmpUJo5Cg2eLq7DelMFkD5i7+wruGUk+aj4TvfECfNnjTxj7/88Ud2tibmOmx8A8AzANlCGJDSfOMuHPHQ8NTbmnDWn1q0iJWemMml3ltdFrzo3DMWjLr6mqv1WQvOQt2IURCaysc4A5YZQCbB1AfmQQAOmHUQ2ernPMBZFUqybwmYAAVAWhTNW7djX0ceWqQK+WQ7HNsCFRK5wrEfwGcB3COEZr+BSJ7IXR0eJpAAmDNE5BBwNpgD3v9i8VJceeGFGDui+igkg6HBJhGhvLQEJy2cj5NPmmyY/QeaWlsPLsmaTg/Ae5kd641bcISbogVAROLXG7srJMs367r49pyZk8/9/P9+supDH7lZTJ+9FCWlVQrQsAC2AZYA58HUA3AXCFl1L2zXoGACnFE/OwqTZPUzQeghCNbxzz89h38+0Y68mYWVGnADx6E3uwvAFwHcCeC/3tjiAKLuVdak2+kegxaLkxGtDFXUjRLgBsfKB0PREllWM9I+IqOU3C3xIWZ+HMCFBSMa7IOW6j/MsF7sCAajmH/ypfjepFli5u/+MOHWn93+3ebde8c4kn8L4OAbJjb08juOWQngpHhIXNc0tuFNV152ZvTad7yfRo+bA0EelG8PBT1IgigAyCgYYYB0ZXSdYPaMzvY9jxVKqQMgCHKQ6R/Exu3dSKRzkMJ0G0eJ/BzKXrhF7T8AsP4bjU3oLrAvbTsKIJx07a0eQCPpgYmxmobpY0aPrgyUVZWMHTe+dGDvtsDKpx/vy+azK1P9PX8+zOCktL0O324AfwNwOsBRADCtNExz4BgGdwwjJEJp1Th88KbPYULTuJoff/8bX3hm5daZqTx/E0bNJkjTgvPfWTowSuqghUuEOXCoWuYzCzTiKyaOb7j4onNPKbvm6mswc9GZIBHxGQz5rrXiNLKubK8UJG0w0gog8cJGG0X5EdfoSNXfiBMg0YD+HgcH2pJwSEDXdUA64GIZyDO2WwD816AjkXgpwqEIUulkyMxnq6VtNwCYSiI4rXFkxYiSmoZRKb20qSqiVTXU1xuTTjoFi6eMQ82oUWga14TkoVZ8/3s/bPjj7389fWBgYOERPZyUNgRpDoAnQPQEgAsAhi5z0Lln2A7rj07Fi5w+QxcC5110NaaMrwn88Ac/uvzOfzw2/lBXz88QKvkrtHgfzP8ucRkRryXHzE+yEnuXAfZpFZVlp5577un11197FZaedhYCoQpfuC5QhPM1399VUZoJEGGAS90wk2wwe6ikepz7ri5qCQmSPa7tijp0tjejs3cQCGiANH1skgIZ+YcAMv8Nns0IxwGgNJuzJmQy/ePg5GbDiEytbBwzeWxdZeOUGXOCp580A/WNTcjH6zCmqgQNleWIxSIwRNHxVDeOwpe++FkwWPzytp82HrVJiTUNbJutgWD0j1I68x1L1knbhpXYDpYW3FqOBTCDRBAQEbV7ihcJORlEGpqmnYkvfHWcNmf+b+b+/NZff+XZF9rmg4I/FYHYRnakZOc/tzO48tQLUV4eopYDyfH29pXnalbqsqnjyuYuWbKoZNHyi3De+Regrqb+KNGD5tvoSF1vUkYnQBwAQ1cgiQmw6ToktpVRGj7jy7vGKEoAaOjvbkMqAxihCDidAUsHJEQSoJ8qY0v8pxqb0AOQtgk9GCmTjjXbyibnA5gXNEKTShvHj2yaMat69tTJNGfxIswbMwKNoxtRWRo7RkzHhU2yvLwM55x/Pj/40MP5oxucbSJSUs5CNx7MpxLLALwrZ0mtY+8eMKdB6APLJIjiYBl131iE1AIQvoWAYd+LCFl5dROuvf7TmDR+YvXXvvZ/73jkmW0LTY58GULcww7+U+FLvXfD8439Ur9Ml6lLp42Q06668rL4eZe8mcZNXIiS8hHQNH2YUWGYh/L+JofeYHZcAjJnAaRVFOK4jy/kfgLgLIj63GdRCIQAAIlMIgHTAtixIKUD0vQciH4Hx/keCP1S/ue0tQVCMQhNg5lLC7AMEtAE0k6Ttnm6phszR4xsrJ0weWp0+fLltOjkxahvGotRFaWIRkIwjgEUDo36qPD/qvISVFTXpo/ZhsvMSPV19wtN/z0zltgS01t7DbdYKhIA96g2ewFIAnk3lHTX25FneNoRTgIAHGgGYeHyy/CTxibjlz/+6qyf/eHJW9q7MlMB41bA6nZV1zpf7/unck2yThPi2pgcvGbSyPCEK8+dGjn/mjfTmOlXIByr84WMzrANi315m9/w2Pc/Vl4tB6Z+sGx3OwDgKO8GhWSmQTwA5HNg6KAwgciGlSTsaM6hb3AQdt6BEJodKqt6QNr2twD05Ab/MwgL6oqSlUuHiKiWWZ7CoHN1XSyqqGusmXnqadHT588US09ZjElNjSiJxREOBYZ5Mh5iTEc3vuKxecsOPrR//6FjGlw2OQBBOkpCvGIwI/7oOM5nt27bEbPTLdDimgpJBgCSgDTBUgeEBpABsAGikOv1iI58ImyCnQSALEaOnYRPfuXrmDb9h/Xf//4/P72xuW9yMouvQSR2ggO2Gxq9vo5gw1nIH3wEIKOcOH9GdVT78PQZ9Qveevns0JnnzEXduOkwwlMBqQEy4eZfMI5gbP4cjjG0jlbYHVV5YADgLvc78kVPyO5iYJggOGAyXINjCYggLLsM3f15ZHMWQEIKoic1IW6umX1Ki7RMHHjuvte1oYUicQAI5LOpKmaeCPBFDHF2pKSiqWbMxMCCU07VrrrqSiyeNx3VQQOGrg0vhwzb5I5kfEc/9u3dy6lk35oXFZqQbCOR1UGEP0rJp7Xsbjmjv32tqItPAcs2tQgC7ttRGMSusYHDYIqBuBSgCoWyGb5F44CdJMBJMNJg2YVgKI5L3/4BTJ0+LXLrT/9w9d/v2zy2tTv7LQAP4hVpcG0AkEZpaQkxQ0skenQg7aE9Otw6Shguu1dT30lh6lLFaBagpREoSyBSlYeVZqSPUNmgIPKHVkQAMT8E8y1zpo286tqLppdf+raTUDex0X15TkDaB0EIgDTd592GgyI07GZ7Xo58oWQWLPvA3AKW+8E8oF7Le5xbHCeY7n0I6hBsAU4SpI2FplUgaACC4Ag9sILBn8oOdO/o37kOgx0HXreGVlJVB03TQ9lE/7h8LrOcmc8nzVhYMXJ0+bhJU8Rp55yHc88+C3MnjUE8oB9HsYtwIiUxABjs6MG+7dtzqVRqw3Epu7iJMh0A8NPu/vzsPTu2VY+YVAFGJ1CAjXMqhPSMKgRQGEylIFSAZQ2IygEqcSFszgFIgimpFoMEO1kQCUxZuBRfbhorpk68c/FPf37/d3e3DAQCJRV3wcpZA9n0cQVwDIQYiAEiDCoPgxEF2ioAWT042F8jgHi5jkh5CEEAeiAmoqShxHa4RDJiUkIXgsKkBYSElnFyWcfOybzpIJe0nL6c2dsKs3c3QHuBwCEAhwAj87Yb3073/OP+0oH2zsmQ2fMaKgJXn3fGxAnvvfHNmH3KBBC1QFo7ITkEEo0QIuZeMyY35CM+xg0+Uh4nXAaJHABzM1juAnOvur6G+soDclABVm4oT450rzuFQHoFevdtwb6dB2AzHmaIz4yeNnlT174Wfj0aW9XoCWicfxr2PHtfLDPYP8cyc8vAfGEoEps1esqM4LzFp+KMM8/ESbOnoalhBMLieF6VD8vLjpyzHX5sWf0sdr7w/B7Hym04fiklPcKw0090DGTu+/MdK98+Y3GTiFc6cGRGJd1wUTHk1RunXQfBfWDsAxACUSlAI0FUph6TcZN8j1wLArMFtgZQUlGD62/6ECZOaRjz7JNrPr9xW3fp6u19604eN7Fz797m7I7WtAkSQmhCl7ajA06UgLHQQk1SOjVgqw5AHUGWNNWawZnT6qMI1ZXlTSoNBePxqvLSwMTRlTSyUifARLAkBCOgqdDL/S6MIMgIQDoWrFQ/sgM5pLImehJ5NDe3ckdbX6KjM9fR3J5pT5jmDoA7fnf7/RrlE2OrAtbMU+fVT77qzcsDZ1++GBUjQnCs3XDsbhBCEFo1SIxQG5MxxICG5mriRXIFFyhhTgPcC+Z+N7SE4UqYgFyQhLOQ2ki3FIA+lQZIaKGFSBwi/PLbv8Ajq/atksCXcPqlG1se/QvgvP4QSaEH0N+2Pzxw7+9OZXYuk5a5VIRi46bMOSlw5WUXY9npp2HapAmojAZfBGGkYxgbHwGPOLLRSSuDp9c/hv3d+9cC6Hgpinezx4+I/v4bXzl32mXvnAsn3wEpPYNRC+AIoRB5ERqFXeMrFGEDLo+PIgBF4baP5MCyC6SFILQadLe388N/v7/nF794umvPwWx/Z/9gwmbKANCEoGBpWAvKYFlJaUlp5Zi6krJk5YRwY+PY4OSKmAhpJmZNKMWkqeOghaIABRAIVCASDqMkFkYgaLl5qJYsgj2F9hXhbgpIA5x3ydsOw7IJif4OJAb60NPWj81bO9HamnB6DvbYG7f3wsmmAh/64Jm05LzlaBhTCuj9kOYBtyZGBghREFWBRANAdSDUABQCRMDNeylwhJqmJ97j+GpxDJY5QPaAeR+Yd4Nlt/qfru5FBoAFklkwucZNchDMJrRgEzKZBvzwf/+A79/2zPbOtPNxwHgQsOXrqZuKyBMugMHMC5jlDULTlhvRsjEzlywXl198IU5fugTTmkYhEgwcpxd7MW9Hx3h8ce0/t3k7bvrwjZm1Tz75XgB/eikGFwLwwUuXj/7qLT+6JtAwJQIr3+szuKMdGqiAwqmUiQIqTQqAKOZ6Pgq7nEBOuPA2EYRRhUwqhOZNm/CX39+D7Xu7QLGJnLWiVFsTx7J59QhVTERdw2SMGVEKK1KO0kgMMUOHJhgBQ0BoRjH0RQaQKTBnFcjQB0ZWLWYGI+UaGLx2Fs9zm94dhtAMN+9ihm2GYObLYWaT6Dl0CLAtjJ0xDyJEkOZWSCejwm23bkaIABQBUTVI1AJcAlAchDhAUZAWUd5JDIP9VY7Hpmu80gI4AcZBSN4DcI/yboopySkQkuq1DBCnC69BRj3yZiNu+9Yf8ZUfrtzf3W9+GtDvdHtxXh+eTUcUEjZJmGGAxwO4XhPaRaHyqtFzTz1Dv+rqa3DW0pPQWFmOUEA/TiM7Woh4pMcxjkX2sKTEN390G770hc+tsgZ73gVg6wmqcwoAMgfgrhVr2s64645N5974qXMg9DSkYx3zzQmOaglRRVpIlbPYanG4uYirEuZ+kQgp8C2HaCyEmSefhkmz58N2goA2hZhj0DRCwBAgoUMI/eikas6DOeWGsE7O7RMTPYAcUFiIcD0rm4p76Hk5zYfyFUEN28kUbgKRjlB4AJF4CGXVbpjo2F1wcn2ukZJPwqBwjaQLbEgbRDkAprsvSnIbP0kCIuB7rsq5ZB4sky5IQimAEipny6uN1Sh8DvdixFXUEFT7bg8o2ATHGoe7bvsHvv7TdR3dsu5bwIG/AvS6MLbKxkkQuqH3tbZUStOcBfAluq6fU1ZWMmr23IXGW959I849YxmqSmIwNPEiBkbDkOATPY5uiP2dB7D92XtgDfasBtAKHLkf7ljwibsARO2+7nTbL//y9/UzF506sX7h6Q2Asx8MQ7XqH+5m1dJU37lQlCWPCUFp1y4KtCNDtZaUAhSDtF3mezDUhJA+UoGJJ+CgSYC88xMMcATgQJESBc/QHOXNWP1sqc/tGR0XPov3/swSjp2GY6ddL0MEQrgAdLqbjR9htJRxOGDP4yADIANGGUiWgSnuvgYFVagrVfiYBiOh6qC9AKcBTrrnSsI9d06D4Cgji7nGyykwBEivg5Dj8fgdq/DN7z7S3ZHQ/w8R/eeonW6jc9Nr2tBiNY0IlVaL/v1bqx3bWQ62rzECgWXVDWNK5i5aJK679BwsXX42qisrjyGZeaQQkI4zlKTjRCvdv2/bcQDPv7C7DcBTABJGMIIT159mB3DaGMAjL2zt/Mtff7viAxOnXhsorSmFbfYDFDnOnYJ8huiAOKfACk0tdBNEcTenQSlA1a7xiZhrICRxhO6iY7yXoYzOBmuGW75wDDAiAHUBnPLloEJ913yhnO0u+sMYHhgKdpD3s/AZrasXQpBgWCBY7usxAyTAnFN1sz6AYoCoAdEIsIwDiIBIBxMp5DEBUMJFHTkFRq/aKNT7cxqEPNwmUwIhAcg8wDkIfRQ0mo41dz+Lb3/zLz3bDw5+B8DPkO97TbdJlU1egGA8LlJdXWN69u8+FWbuTeVx7cw5M6dWLlh6ARYsPRsLF52EUWWRIyC59CLGdoIl8+N8XDadwbNPPo2WA21bAWwkocPKZ/DSBd9FYDAr8as7H9y+YN6CJ0+5/L2nQOhZSMdSYRODj2kQQqGbQnkRzyhI5XRlIBoBUA0IlW5JQUQUfcw4rur+4RdCB0gDwXDzR9YAqbiH1A+iBMCe5kdSeR9DRR22OmfvXeWQVy4GFjqKRG7H9xgGw8sRvTqb28tGBQUt031vmQeErl44D2ZDsUUcBeAMAkiBkfMZm1tnA4XVeYdUAKM8tFYPTZ+ILY9twJe/+ufEE9u6f2q5svWvaeZ/rH4c7ERfbbqr42I72X15WRALFi2eWn7JJRfhrHMvQOP4edD0YAGtBfny3QIIhqMgi/QieRy9SBh5dGNM7tuDzU/dZ1r51KrqhZe0DGx7Glaq76UbXGlVDcbOWrJ106N33vrz256eMGvB+NpJCxoAe5sbyhRysSMtfSrmRkO8heUagSgBiSYQjQZQDhJh10CGXMCXumMpwi8LQBhuWMlRdzEzAMqp83NUmJkfarAQKDZ1Sh8gRGBIpfHoJxgXc7ahm0ORwuV6Ig9Usd1cU3aAyFSortqY2FLXKAfmtFsKUNeQuA/gQTBK3bCUggD3AeyARBVIn4btq7bg//3fb/MPbWr/rQn6IcAJRMuA9MBrBwjRy2Hb/RAIQAoZSLXtWyQ0+mAkGDjrnJNHl111zbU49YwL0DB6IvRASEUKueL1ZXoJHupEvSAdc6N3bAerN2zFpq2720BiVffaeyQUD1V7qRcmn06gY+8eMMServ5cVbpncM4pi5v0cHkJpJMEEbvGQ9oRQ0zyTprgggPs/V4GQRNBNBEkakBaFBBBn7G9ErN7pGswbKrFChCzKjpL35eXw7nIJMhwz4Nc86KCoQhfjuZ9NvKBHUfaWYciYOTnnJIEkHUNDzk3T0MOhBQYCbBMAUgq5yQApACk3LyNGKRKK5CdIBGCCEzDvs078ZlP/CZz/8qDv8k79FWAOw2jFDI3+JoxNi0QRiAWgbSsgGRrKrH8ZCggPrVkRu2iL3zqisiHPvVJLDr1YlRU14HQBThdat1IRdo21TXwUHBxFCCPXoF1dPTnJ3J5fPMvd/OzTz7xBAtxqyCRZWVwL3OGUA7QIpm05dxyz+O75y6+fc2yt3/6KiI9D1hdbliEUDGsGeKybZAWAFEAMp90PYs2HiRmg8REQFSoBa6dQFJ7IgZng9lj0gcV6yKjbqDKsYbUs4IFJNMNL6WvSE0gJczjHkEU21/8OZ6mwlJW+aAzzBOSD711lNHlAERV/sdKblyVKpjcTYIZQBxMjtp3HQCDgKiACExER3Mbvnjzn/IPrDz0h6wlvgzIdqAKltXzmgofHS2KbDJVB8d6m6HjfRNHlzW88+rlgauvvxJ1jdMg9EGwsxrSCqvNRneL+tIo5txalQKa/EVqOo7i9ktFJg8PP9sP7UXzcw/129K6T0rZGzaMAi/x5Q/tcjIAqLV90P7mr//w/LhZ80ePmnPuRNh2HyCzIJJgCvh2e4bQohB6GdJ9OZgH9yBaRjDqpwA0F4TxIFHuerWX7oBf/IJ5QAj7GmnZUaFiTnkX6QM+VD7GriYIwwEVjC7oMyRSm4SlcinXwAlC5XeHk1+LIazX3+bVnYtyWa6sP/nOR1PIaQ88VgnDAHFWIaVhaMG56Ouw8bWv/NW8+4l9f89a+F9UNLQj0QnYrx1jC8TrABJhM9mzUEB+aGxt6Pyzl08NXf+eyzHn5LOhBWyw3AfHHHSvMamcDRJM/b5QvxrgkuJ9eBlh4fE99whbuXTw/BP3YffGzQeklE8AhKxl+WqHr8wClgAeX7en95u3/PSxr3557MSShklz4WQ3gGUGJDSwAjq0QC2sfAT71u5Fpqsb1TWTUdJ0OoTRCJZBl+R8+Iz2V5qb4Gp+sHC9DLttLSAvH3CBCNcDOsVFznnlXYTyaLJQYxwyAo2zYOSHhC9uyGn6QhweAqd4KKh/IRA0ZeCsjNpDURV1q8AkCSkv6KhCvgktMA3ZQQ2//M6f+Y5/bnswnXNuBtCGvtcON1LXQ4jFymlwsKuBGVfGdHnjyXPrxt104+U44+KLECwNQlrbIc00SMRBIqp2HmVsbHqDVt0wn8pUPdJSa0h7EaOil7eGjvAaZmYAzz3znJkx7UcBrdUIBmDli7z7V9KFOBaj5cChwRGanZ89b+E8CpWUgR0bDA2kBWCExqC3NYTHf/0omre0YMqii9Aw5+3QIxPgci1DKlfTXkXvhmGgBStZENsNAUkZCql2l8Jl8tXkCgbhXWyvoK8XQsMj77JH2xlpGJjCvryOCu/NyKuSgpdj5pQhRnx/syGMiYDZgL/9/C/4yW1PPN/Sm7sZurE1CB0Ov1aaSAWklKFcLnmhgPzctNGx69779pNHfPIzb8fCc86EFshA2jvA3K08vOkKJcED0Fx6HKgEREJdF0cxliIq19YxtNXpRMPGE3/eutVP4dbbbu/v6El+lym4W1pDlQu0V/ICApzOWrzv0P6uSQ2V1DRl1nyQSIC0OIjGY+3T2/C7H/wFmt6I06/9FMbMOhdCDyvIWx+m7vtK5G1Hu2jO0HCSAEgPtGFVr1Nez1MqZttXi3OGQD9UKAOEfGiqVgSGhhjZ4QuADmvQ9fJCMQTWpiFoqTI4hqp95gBOgrSpIJqKh/92D77znX9s29hq3+wsuvSZkJmR+eS/dza7ESqBZoQgHRaAMw+QH6uK6TddesbYhZ/+7FuDV7/rHagdUwFpN4OdNvUZXbDMXRq62pRjcMWywupn75LpIMRBVFIEuArrQLwMTza8O4COuL7ytsT3b/sTP/zwIxvMfPb77/vi99Jrn7x/qFd/ZT1GDCOR2rynM/fNn932+IixTQ1TTzrnTNjZAdzz2wfw8188gkuuvABX3PAZVNQ2DSsLOL6LQi/zIp3oRuHdrACYIoUOBlepOKdCSam8jKPOUCp00lfCJ7t4AzwlrUK4eSSu3ovtouy7Lp6hqvxQqXARsqqAbkFo5SAxBWseeQTf/OYdu59tHvwi0PQwVt3v5PDvVbvWAhEwSWGb9ggQvT0SEG+bM7F03HtvOCfwpivOQ0VtLYi6YOe71Oc2fECTi04Xid1qwyHHZ5QB9Rx9SJQw9JprL8HYhm/6dNSQNNl6EDuffVpm0+nHAAze+v8+cngY/cpe1hQOIQKg/NGVW9u+8a1v3f2lr9ZPHvPw/c/gttufxcc++gm89bp3Qg+W+4yNiyABkW9xHQ9CdLwXbLgUgWqAHXJDpMrJPA9jqXYjN7x084Wh7+3lcOy9tgpBi50QUOjisc+PjzIC20Mxi2UGXfFR3V43QtAFEDgNEtUAzcWq+/6JL3/l9t0rNvfeDOAuYO+/VYO8dOIilNSPps7tm0vM7pblAcrf1DQiuuj6q04OX/vuN6OmaQJ0ow3S2gLJXq7jGY/mgm7s+EpCXi5sq5RXERU4BVCFe0+kpVIE3zoi3QdKvTzY/2jHoedXo3vP7gFAPoPG6Sb1HAQPq3Hqr/wlzgDISCnxu6eeb53wgXfe/PEeKxz64Ce/gLde/y7o5NGk4KufcFHkhqUP0qUjhGL0Er2Eo7AduOwNmSmCFOzpOHrezCt46/AaOKnAEAGO3p7BRS9EAXikZ68ofuLkWG9jkHA5mVAbQ1CxZeLuuWk1EDQd655Yhc9/7hd7Vuzo/5wF/BX/9h4bwuCuVWJwz4ZZRMb7K+PiirOWjC+76caLae5p58EICUh7I5x8jwI5Ar5TNgFoYCYQuZ6L2QTxIJg0l6VEnsx7WglbRQD0A0RK7oN9ZPhXsqx0+GGZNu5cswY7erpXAtiM/VsZ5VVuW+ira3Duy9qMkX0ZZ2Jrr6X/v698DG9+y9VuYivzvhDLHzIVpd7cGePKExWMUfMZnDiBnYiLhg0bLE3AScMtFrt8TCapyNNZVd9SnQLEakOwfYVtGurVhi0wKuQVimqk0FnXYOUJ3nQatmlQAdN0N4oESBsJIaZg/ePP4JYv/3zfqp39/5t3/v3GpmbDVzPz+SHNunHRjIr5b7vqZLro2gtQNbIO0toDx1S9ewX+rUdcVwBWARDSlAGy25bEAUBU+pZvVL1fDkCPikbCbl4u/EDcq3fsONiJx7fskql8bqUuKMGkwenvfrVDSi9Opjhg3zS+Qb/gSze/S7/ymne7zHjZp4RuzOJjKQgIA1RorFSGVZBk8wxyOOp0AmRSlgr6L0rIufUbn1w4+3RCSAMhpBgdcOtqTMexht3XIoqpOl7eVxZ4OZGdR4TOF0oS7p8NaDQSz9z/NG777m096zYe/IZj4y+jdMjWf1OXTSBQCtMcBINnE8sb6+L6lW++fHHZez5wOabObYTkLOzcRsX79EtyeJGPv/PdNbyh5Rk3Z3O1WYKuV6QYgBiKdDv1eoUURXv1fIs69r2wDh27t3UAWGVLzgajITjp1KtncJGRU8DZPhiReCRxqOX6yQ2ht//vZ94Wuey6j0BQEmztcgu1FFKOIgAgBuIYIEMueZeEWtyu9gZ7PWRMKp+RqrvX3ykwHPXzJ8s+ehabgMyCkQQoOQzMMFGUBSdFGM4qL8WFPIqPo5jKyAHc7TNgFEoIrk8Ux+g4OPrrUmH8hgHiPEirgKZPx6qHH8dnb/4N9rcm/zSpcdSf9d5+a2Nb8iiKU68m9qQBkmGaqTBAF4LlTYunVS348I1vMs6+9DyU1epwrB1gOajQxRKf5/aWIg/72RoWAfmVy2xVb/Meq/I+EiB29XSIVNhJr653S/f24bmHH8DB/S0bAW0vNIH8EYztFTO4QM1YOGYeomxcKHFgw1snjtA+88XPXltz2Ts+BkPvhmNvBXOroiKVgWC48baoAHMUxK7sAriIQDGMgvGxx8ck0zVY8sXkQziWvsZWSIUwKo/KGbeTu4DW+Xc/qbyurWo+CTArcSNY7i573BGa43arF+pxnvhXEPAVw90h9s6LeE2fHiWnlXdzGS7SGYldj2/D2nsfQzqfQ59eGdzgjNe00hwo2vAv92xj3/RJ7Lv/2w1g+2MVEVxz0alTaj/86bdg1pLpIByEzHeoaxhU+Rr76q2m7154n9nwbaie7o1wjcgLM0n68j1VLmEBt6Up6Ht9KkYvr3AeZzsWnt+8Go+uesyyHGtFoKyu3cml4RxlMNQr8+6kAewIQDt3dKXxk8/+z3mN77jpRgQiKTjWARdB8sSCCm4+CKKoKmAGAcQBKgfJkKuJD9slFMPwGVUM0CKKXWC7dSpSinZCV8ZlFbwcOym3lYXyrudBRhlVyBf+qk7qwignBnNGhYRZxTzJKON4cdGYIxmNv2WH4TWcetzL4b1bsmCShbnbsF3KFiSITVBgDLY91oWHfvw4lt/4HqQ5h0/d/KPUqs3dn4Hj/BJjT81i32P/IhRyPhwzF0m17j5JSPmZpvrAqR993zmht9xwMUpqA5B2K9juU5cpCK9FquiVtGFhsz9vzav7pcPrWifSQQipjTfgM8xQIfUgrgK0clVGMHwI5ZHmX5xggZsZpiORzWWR6t2Bv/31b/jh7Y/w/u0bnnZs/h/J8oVwvBTZ5OCr5+FcDiKm1JTQ5z50wymNb7/xKhihXXDybcoYPW/kW7ScACMDcL8rSEoVIMqDyR2NyzDByLpGiYgKRW1ASTkwLDDZIBl2BVQdUsbmeThW4eOgumk5X47gUaOsYphCAEtXWsEtB3jdBKTqXR5QoqsanL80wC8CfDi+5xooTrCRw4rfNKTU4I2SYrDS+LRBgVqYacKBPdux5L0XYO45Z4AogA/t3x7r+vKfPr+33czS/qf/RFogI51XTzw3XDkB2d7dGNy1sU5ES64Pkv2h0+fX1338YxfQ0ovPhWZ0wzG3qY6RoC/0k77o4kiCtw6GN+4CrqgwUQDM5HNU5POUXoqgF8A276FDQ1F5gqCb+/x8LoNk/yD27t6KZ5q7sGnTet614t70rl0HuwYy9nNE+g9lOPqCnksc1dheSZy0LhKk719/+cwrv/qtD4h4rQNp7sFQ/p9KkMk3a5oMZay2EtWJq11PKljeBlEUhBI1LCSqZBE8Nn4WHsODECwMGISPclVMpE3fzQSGTKJh1yDdUDKhPJu3uw7PH7zw1vNaeVfU57DevsNzMK/x1NN14SENqvqQ2pv3N/YtJIIEUSlsy4FlhREpnQE4gy5GZZbi1lt+jC9/9562jp7sFwDtdiXg8ipAkDpAwoC05gH80RFlxoUXnzMj9LFPXYtxs0dDWjuUorbhK5EYw4zKTR882N6d8gMMJYxrKLBLVMnAzU2DCtn07kHAd091JcZUBYioy81locLP4YZ+7OXfP5jE3n0taO1qx95NK7Hp+e3yhXXP92491LvbMXO7BDnbqkc2rTYMbX0gEEwd2LsLtpl9Efz+ZRzBsjqwlFHO9Nx41ikTLvrIp98m4rUBOOZOX3+X9O1UKChjFUM6FWOzCcaACg08XZFAEbyQWRCpogZrhQIoq542RlCFphGfGpjwASxejSfnCy+UbAEnVPd0Gp4miMvm8IxFhS/s3yGF7xJSgePIRxTh8dfwLFdbRH0VPZp9GDJZ9J6icK0kp6EZURjhCrBzCCyzAPqhhabinR/6MAbTdv0tP7r75o5Bpz8Wq/57NjvAzivk6TQtgPLyUejtbaljaV4Z1nHDSbNHzXrHtafi0quWoaQuAsfcAekMqHth+HrSvFYnUdh83eK0VJ0Q7Mu3PLRXgDnociPB6l7rKoeL+AzIM2yhIgIbxAlAenVeR2nxKLUA0nCk3kqHge5kFtme/di2ZTPufXQVVq5c6fT19RxMDfZs6e8daAYZ6wBaYwhrr+WwObquAWvWPHHChZ4Tr7TFqmGnukEicO2Z88u//Y3v3VQ366RpkNY6lfcIHD7PTBuWswR9BW+Pie/brQqMbzns9aiIVBX6x5RuCJUpodmgTyDIK0EY6vmGLwxJA3IQknt9OVveVzNjtTiiPm/oFBcPeZuF5du9T7TGdmSf6IaV0leAj6inxYdsZkTupiCMyUh05/CdL34B3//Nc+sSefowwM9pRhCOlX8l6qsCkIsB+eHqUuPsd169pOyd77ka42aMAImDkOZBX25GxUZQ+A3KULlYQBmQ5Vv8pOaJ+1FFpdXp15mhmK8+J4flZ342UQAeD5aoEiQqAREt5v2F3qckDu7biX+ubccDjz6B1K7VaG3Z191ysGuD4zhPgcQqhGqaIfOdAHLIv/TBoS/Jw0W1ANKpbgCY31AqP/S+d59RN3P+eLC1VS1YD8a3UGTWu4t06CLKqvXm8Rk9epSmrpvjU8tShkpeQZmGhgisPB5spfOh+cKVnHp5V//SFZwN+SP0AjjiydUN5dHZClTxShL5InLG8BnbibJIjvVfrxzhQPrKAoQKl0nBlgqv3M/LsMDWdpTUjMcHPvF+9Pan5t52x6abTIQOOpZ1AKEaIHfi5OXSmhE46cq34NGf/iAqpXNdUMeN08eUTf3ghy6kS996FUorsnDMLZBm1geIwGdE2mG5m2tUEkQGmL37pKuSD4PZUWikzyhI990zpdpd2Ii8I+97jje/MK9SkLgbhlIIUkqkM4Po2XcQWx57Ak/sWis3b9kgN+4dyPR097zAZuYRAKsIaA6Go525TCpXO3Yaulq2vQLcm5dUhhWQQGmM5Fc//J6T3/eJ//deLV7aBna61YfzQiRnCAI3tAHTH2poRQ/E/vqY+n9h1/OMzcHQaZ56MWcr3BjyxfjeTkqKlVCm5PfiqiC+Hyy7ACTVeR9JSXc4netfQaz2fJ0oMCrc+hUpYrVTYHW4neA2iAQ0Yxb2btmLmz/+DfOuR/Z/zkTND0HZHLjvxFKGSCmikTANJlOjHTNzU3VMf/u7r5lT+c73X45Rk2fBMFrhWC0qNBdF9JFtFYKr3J2KKtvuuRru3qom+rgbh9IiJU8y3wBRuBhFQLgCTyRURJFVAJRRvDdD0EiX5E3CAGkjAFmPfF6iq3M3nl+5GXf/4y65du3ebKq7e6Ann1mXt6w1LHkdgA0A9UOP5cEO4xUeDHrCHi4KA5EyC70DWHba4tEXv+Vd52plNTnYmR6l+wGAIhCi1FU3lj0qPNNUlzQVPGCx3cTjNFrKyykjY6+u5m/wHD4rjYcifgVxWX/txcc+QBbMapdlXQn/OMM2AFa7MAAhXCiadDCzO/2VbUX3Ev8iw2PfwvUYFpovtA2o9hUTzFk4djOaZs7Bxz7z7kDG/u1bnl3f90jvYN+GqROmYdvurceZr+kw7CT19WXmaGx/dVRN7KyPfeBs7Z0fuh7xEoZjvwDHTLnocaEmpkR8SHVJFOB/3cco0YsgUOH/QiHuZuE+uJ9HlQRYKwJf7IDZi0T0Qm3SXRVhVfAuA4kaQMRgZR30du/D/uYH8MQTG/D0U6vyKzd2HkpnsustWz4JYCWAvYCR1jThaBpLKQHbfnVGX5+gwZUig0GkBzB62ojIDVddvqhh0vQ62Plmt+NWr4RmlIItgpOvgRauAIndsPP71UUSvkCKfWpVsqjKzIGi4RQMy/RB5uxT/RLwK2cNRR3J1w9VFHF1OZoZSMkqaWc3nPRUuxCC0GPQDLVb5vLIpGzkLQPREBCIjQAMgrQHIO2EC1oM0V15NYzNXwj2Bi+yDziSCqRwAQSWSTjWTsxfejI++oGeWaEf/eUTD6/UP7lt99ZDx+dUA3AcEymHpmhkfW3J7NpzPvPJd+K0i85FINgJ29ylQuyQL8yGr2bq0bSCaqNCgZTA7G1mXs6tIiLOKiPzZNq9x7GPkOAJ3FoqpA4XiOEk4iCtDCTKAK7EQHcCLXs245nHn8ETjz8lN+9o6etOij2pjFzhOPm7hW6sAfImSLAQbqrjOHk4r3J/7gkaXALsbq8Xz5479oyzL1kKLZCCnTehBybDNivQvH4D1q3ZioMHMpgwZQJOWTIRVeNGw7H3uMRhX18X+WaC0xBInYpJN/ti/4JH04YxE/y1Fhr25WsBUt3dRZ0QqzC+CWyBKAotMAm5VB67V61C+6EkOlt60Ly3Cz0JE43VYYwe34DGqU2YNWc8opUj4VjNYLsXfNgsgFfa6Pzorh9Cd0Eg12sXGTTs9EFSBCefs4w2bdx05ZPr2zuQF/8P0AbxIjmnLgi2E4gGNOcdi+eNPev/vvJRLDrjFEi5A461Q21oAR+Q4aDYme7dx6A6L3fCqvtdU8ZkF0Lhob1rosAsYbaHrQdTTXdV99CjfokQNH0MQGHkB03s2rIdW7evxzNPb8ALG3cNbNjR25w1xQYyyleUVleuXDh/9N7e3kF716ZVhY391axXvmSDE1oI0skBQFNTQ/wdl12xMFozOgDHGoRmzERXywD++Mt/4u/3rcWulj4Mpm1UlTyFK0+fiE9+9TLUjh8N29yH4iQddXE9FklBzMcnLVfokQsUx0gBPmRT8S9hF0V3/COeWPOJuPoMkJWRkQCzMmoRhqZPwKE9Xfjpj+/EQw9uQHdvHqmMg2TWhMVAWCNEwutQV1eKRbNG4brrTsbJ5ywAGVVw7BZf7eiVNjeVn8FBUQXN9t1Cobye/1kSbLdCD0/AFdd/yNi7p++dP71z3V4RCNzq2MIx80dHLc+eX43+vt7o1Blzlr7rg/8jFi1bBuk8CWlvVp424HPo3oAR8s22CyrQwzMeDwRxdViIWOWfUnm2gEItc6oe5z0v5cuX88r0QiCtGiRGgoQO5gxath/Asw89iZVrdmDztvb+1o62DYd6rbWmjQ2gwHYKRvcB1sBA23asbNuOf+dx3AanjC0QELj45LkN0846fxokDYJEFVo2HMDnPvs7PLzyAHpTRRWsg0kNtz/SgYmTVuI9N18LYZRA2v2+0NBXhyOomyZ8WiL+UMr01dRUokzSZ6jsy2ngi/nZx8XD0LyOg4XfNb0Rh3a14eMf+yG2taQw9+RzkMo42L7+SQzu7QMkISOBTIrR09yHrXt6sXL9Hrz7bftxwwcvQ6R8rAIQhlOFXgqHb/hz/HqZKHpyVvIQBTDKQVFcyAJDQtp7UNe4GB/45HvK2jq++P47Hm/bpgs8UWTaHH6MqitDlNL5+hE1u1gEFtp2joTwh3e6D6zwZPpsVYIRhRJNkaWvaqVs+hDJwDBCgRdism/Gg9ddL5R2SQVIHwegBsn+A1j33ONY/dxKfuDxbU7zroOHugfMByzgAQBbjXC8o7S+MWMmeznb347XynHc23EwUg7Hssc01EW/9OmPnT9y+sLJRKSjozmJj970C6zYlsG17/84Zs9fiNaDbcgkEyBNg4iVw+zqxuzpNahtqgIXklEuNFQOEVwd3qYxpCwwrEuchnd0277/e+0dToHBQUMKq8XvWmASUoMavvrpb6EzW4vvfv8buPat78F5bzofS5ctxN72JPbv3eMOaRQeqibQ1Z/DuvX7IAc6MG/ODIRKYpDOwJCZ5vQSwODDn0PF60XCV3vUhoVj/tYWUawLcgYVNVMQN3I1m9Ztru4YcFYDsv/kk29Ba+sDh73/5DF1+PNT+/PJQbtlxVNPzDRTuxrGT5xI0XgtWPara69qmmwXdGAKdCsK+nI7G0SOMiJTAVIe6GP7NhO/OJIL6RMFoGnVEIEJIDEXUk5Af/cA7r/zdnzna992fvqr+3sffmrb0837+36fyDlfl8BfAG0LQH3Szlv5wS7YuRReS8dxG5xjmRQJaJdf9aaJb3nfTRcF9XAcmb4BfPvLv8Wz2x185kv/h5vedwPOOutM1E+YhvVr12Kwrxt6ZT2IgSVzKzBuZi2kzBU7rwtEXn+7jV/LxO+9MIyag+KN98JK2EpqnNX34V7CP8PHfS2hN8K2RuD2H/0Vq9b14Zu3/BCzZi9HKBRFJBJF/chxaBo/CQ8/8hgSA33QNB1C06HpGkhoSGVt7NnbjcbqAKbPmwRoHvvl5Ygg0XH8VRYL+6T7CsqGQlWDxdBapiE0YOSYmeD84IiN63Z3pkxe29r6kHOkeuDmPZ3uwPPJ6Y7Na7q2PfP01kmDhw6MmjHrJCqtnuQycmRWbSxeD6EKIcllhhC5mjDF8NHjsGqq/maqkoA/r8sByIGoElpgMoQxC5ZZhZ72dmxevw/3/fMu/PDb33Z+8suHBtbt7H+sd8D8VN6yf8DAU9CCrTBCeTh5fi0Pk9SPfwHI0nCQLjrr3DmRYFk9rFQHfvWj+/D3Z5L4+te+jgsvvBSa7oZ/s6eMR3VVFQ40b4eTzSAtgLzl720aXvjlwyp9Q2t4w0KsQthpDcnNeAhn0ZfbgH3DNIT6HQAFIfSJ2P7cGvzkt4/hvHd+ARMmzVcG7NXiBaY0jcKCqQ1o3bcbEAQ9GIKmabCsPBzbwoHePH7zl+exYNlkjJtVDSkzR7jnR9JieSlSbFSUb1AbDlGFDxGUhVCbFDzPyEE6g4iU1eLCKy6JrV278x2/v2/HOkAelZNkA9j7rAkAqwZyzid+/ufV38ja3zv1Ix+7TkyaPQVMXZB2h68p2IseAm6kS154S4UexiIQYvtKL4bKTy2FNDaAxAykBoAD+3bjmSfvxcP//Cu2tSR69ral99tMOxCpuj9SV/Jw/Vnn9Oz69feVR8i7X6/x4zgNjiGIls0cF58/a95sQVSFtc/eg5/96ilUzX0z5iw+vWBsfZkcfnf3fdi2Y4dbt+MkGkoiINaU3Tg+5+qJ97DiInqgv9cXN7zI7XUaqIQbDkjdRD6Ms+igyNKXh0kiMNgtUlAeO3bsRjJjYeb8uRDa4Uhj0pJI5W2Vy9qwclmYLMGyyDxfv7Eda57Zhaap40HUqcjXrGpEchjr4mj1O8axx9j6G2vh82pVAJUr9kYernyEqVgoniYIg+0kmqbMwKnLF05bsXL3R/sHuWXQkfuuWt6IO57cfywjX52x8Jlf/mXNp1v3tb7pfR+4yjj3ssugB0NwrH3DoghV/uFiPuYWu4ujkgt1UGhqkyCIwFiQqEZ/Vx4vrLsPD/zzETz99Ep7e0v3vmTGXA0YT0APrA5EYi0gJ506uB27fr0dr7fjxQ2OBEAUIMizTl8+trJ+3BQkehP421/XY8uBPM6q3waR6ATqqpDO5vDr39+B23/0PWQHukGkIaLZWDIlgnETxgOIguUhXytKMZdihS7SEL6k19piY+i88GJbDA8vDvt4lkMpWsI31UbppmgG4HSj59B+pFJZPPrMszhl/kyMLi3SvvptBz/528N4eu1OkBAQmgbp2GApITTd9a2ORHfGwbr1bThvkBEvN+DIHBhBJdcQc8dtAeDClJvhE2M9CpzHnpAYqsbsobpiSKRA5DHnK12FMEqptqK88jR6AVaXcgCaUY5LrrgCm1ZvOvuO+zZcgyy++4/nDuaOoxa40pb4+AOr2nc0H7rtvX29vaVvfud7EIyUwLG2DdnkvMZdZqNQYxs6RSivDDICIAwtWIdkZy+efPhP+Os/V2HVup3O7pbkTmbcB9BDwUjJ+mWXv71/w1MPoutAM17Ph3ZcD2EaP7bKeP+N7z+zccL0Jdjy7KP41vfvQ/egicRAHxAtRz5cjh/95g/41fe/ga5D+wt0I2aBJXNH4cLL50FELLA96CuO8hFyHVI5nWdQzlHCriOpZonCbLrDkUFNNX1yYeKN0EphJfO44/dPYsX6g9i+bSu2t7QhQwacXA77Ww7g1l/8Br/68Q+Q7et053qDwNKBEBr0YBDStgts9/H1EZxx7mREyzRIR4MQ4yDEHAixCKTNAdEY1xshDG+GQdHQvNnfpQBVFAdSkO6OrKK4Iu2GfItXc8MwqgZxuaqNeQI8tsqPFLOHpUsHg0SsYgqqy0LasyvWjW/ry653HOwHtOPIfcb1AYk1vQkzuW7trgVIp8LTZixApHSMYuXnFR1LASKFmXbGEIaJJ0NIJKEFG9GyI4Evff7b+N5P/imfW9+6paff/AFA3wLpd4PEDsfK5vZseh7pwT683o9jerjwhFnI7d4GhjZv7qyRTZPmLoGdT2Llk0+guTUFoRnozUn84JZb8Mvf/g79fb0w00loegAsHXAghkA0gimTqhCqjsORB3G05j+PL8iKpnM0dVscUc2YfYHi0RaNM7S5k9xwZjDRh90H+2FKgtXdhgd+9zM8d99fURKJQzo2urs7YObzCEbjsMwc7Lw7P44JcExzyGkwe8TpahBVQmjTQKJOeSD3HNxxwmWQEoDMqMH3mmrZ8UoY2WIIyipsLXROeECSW9cij9BLtqJA5dWXVJ+ZfGTvgFIiTGLO8svwrretH3XgO3d+qGvQ3AHIthddLHoHbNsZBLTbWntyzjd+dNfHDhw62PDxz3yIGifPhbQ3gTnh9iZ6Cmh+AnKhv024s9vBANLo2PM8nn12Cw52mysA+igJbQtBy0uZx3/acUwPx3o5ZHRsuDyQue6dVy88felZl1CieyV+8sOHsLklBc0IQBMC+UwKqcF+SNOEZgRBBIhAAHq8DvPHhPChDyxDaX05HLtTFUfpCP6KjmIsdBRw5eVJoBMzSAuDLR1PPbQZW3b3ggwDRiCIXDKBvr4eDA4OwLZMEBEc2yrMEmAuygkFotFCbjdzfAXOufA0RMumgjAZpDWq2XYex5Tc31lNP0VS0ZWED/p3XO2WQhFdlTaG6CtqAGIF9S7y5NW9CakYVPmbO73IY6O41YogwA6EXo2mCRNp54anG7bv681Lxkq8SG+RlBYMIwop8yZp2vpMHrs27mid0Lxlbd2MSY2ipn4uSEhVsE6r8/F3CwzvQXO9Yt3IEdCYsXPHgd6+RP5hsDzI7Ej8Bx7HNjjHAAb7p8+YGH7/9W9f3jBmyly0bVuNX/5+Ldr6cmDpQDqyUJciIRRKxqBIDUbEJT513WQsvuRNYBxwNUaOqqDERzGqY42BfTlGJ0FkIxQtRXtzN1asbUU250DTNGhGEJqmQTcMQLK32gp0JLfkAARCYeiq10w6Nk5fMgFnnXc1gtHJCsgwhpU5qIjaMQDuUrO9DRD0orgp+1tSfF3sJFz+IJVAiJiC/9mHqprKu3mBS7HH0BNTdR8bAFgiFJ+Mklg08NyKlU19iewuALuEEVZSE0c3Ojd6D0twfpfjiPV7DvQ1bX5+1ZhxI6vEqPFnQ+gMePW6IRQwlaf7RKCYLWgBHbPmLURllGrb9+9f2tWXS0qKHYQIZoqSiv/xBicAO0lA+sJLlo++9oq3LgtGSkvR0dKMP/9tDboTtgsaCICE5qKULMHShh4pAdsGzl8Ux4c+9RaESgBptRQ6co9tbAp5K3wZyrN4UgoBleM5L5LPvUhdi9xiqwiMwkBnHg88tgWJtAXpOLAtE45lw7FtCE2DHgi64Ih0lHdT/WlEbphpWSgxGNe/dR4WLr0MpNX6WkX8ITAP9efc5yo+U1g91N83xsM+o1QjmUJunkTBIhOH/GCFp/xsKIaGBhIlbg8glShjDAMch9BLUD96GnKpltLVqzdELYeeY2kf30hUJYlARO2SadPBzlTNxvUbJlSXx7VxE0+DHjIAmcRQiXLb5+mMIijGg9AMYNbCU2jiyHBla8uBpQcOJSokV7QAyZ6pX78H3Y/96T/fwwGoH18d+sBb37p0zqIzxgGURt+hg7jjzrXoTtowgmHoRgAgghAaHMcCBSKwKYhpowRu/syFmDR3Ahxrq1oUYhjEzQXUkVS/nFs0jYJEKYjK1Y4eAlEcRKVuA6mn209caPYhJUl3+MQaOroRsgMSJSgvq8a2dduxfW8fmFS5XBD0QBDsOGApQcIt5IIIkBJ60GW525ZLW5o/rRTvee9y1I5ZBqDixT0w2wpCT6jczZNjVyNzaZi2B3mqVQHfUAvHJ1LrlVBs9bYGQAEFYkQBqgKhCkAJCKUQogQQQRiBEtTV1mDLprUj9+zvHASwFsAJyMgyRKisSzI9396T4LWrN0zWNDs8efpSRCJlYNnj824Ohk7CLQrxsuwFYKNxylzMntwUlom+Oe3tB6cmc05792P/aAWEfFX0WV4LBqeHIpC2BQDTZk+tef91159RWdvojpXK9/Xinrs34kBPTi1MAWnbcOw8iAhatAKNcQdf/vhSnHPF2QB2KY1H3QcdK80KBBRkXuEKCIm4+rkCRFUgUaGMrFL9raRgdN4cMEJE8fK8Yrd+eN2uwNscXkAGIHOIlI1EaYDw8KNbkczabg+cu3u7vl5z2zek46GTIRAItmWBJaMsIvCB6xfhTZdfBS0wSaGQ/iL+cBDI6/PrAssDYB70AR0er9TfIVA0OEFR5RGDKjwPqNDVwZC+QFKSDAgDiIBQAdIq3Y1Mi7uiTEq6oKKyGsRmYOVzaxpSmdwmAPtI6D5G0LGPMTMWYKBtz0AoVrOqu697YN2GjTMjOpXMmn0WgpEgWHajSNfzPpeJISKvRIAcBDiFEWOmYPHJ07TycGbsnub2hYNWaKBh4km7YvFSO2mVAWbPf5bBSVsAID0IftN5Z059y5vfukTT9H6QkLC4HE8/sgnbWhKqIdMBJENKB4YRxsJRBj5xw3xc9I7zEIh0Qtpd8BNdCVEIqgaJOhCNhBBjIcQUQDSA0ABBDSCqdaFuVBQNEBUgjqsmwxLl/UpAolbNAwuqv8VUCSDg405qvvqeZ+weXO72wtU3joae7sOmjR1ImW7OxFLCCEcQDEcLoaamu+Gzlc9DOg7COuMt54/BBz96NUpHnAZwuS/3Gl72UL16nAfLNjDvA3OHQiWlr47FPg/g5lwkSiFEOSBiRSMukLdtn1MSxfop/BNjwoBQHq8w+FLFFkJHTV0DWvdtr9q6dUfQYVoJlsn5DdVoS7x4x/NAhztV1TbTeQAbMhmza9vmLbODlCybPutUhCIVgOz3oc/St0F6373OjjxY9iBaXo1ZCxZRY4VT1bvv0Mm7W7pFT0/vJuRb8/9xHi6sB2BLJ1pTGrr8nLMnnLLsvCmQdh/YsSC0ehzYdQgr1uyDLRmkaQq5c9BUY+DT71uOK99zFQKlA3CsVhQ7k9ntxNUmgcQUEI0HiREARrgGJqpUl26Zm2uIuCsSK0pUSBRWX66cHsE3lE9ECuJBrueLqoUZUOGohwraqt6l2vmhkEOZQTDMmL1gMRpjUWzf3oK+VB6SCZoR9DB/SMctWdhmHlLaKIsIXHv+THz5m9ehpmkMwK4nLja+HoHxz27xm+V6SLnHt9N7wx79HFACKK6uSwNI1LvXAIowzDl48hEew54KcvFQHlB1BTDcnFh4HnFoPh2Ll6KqPIC1a1ZNGOgdbBtbWfZCbybnpPInrNfiANiSyOQHV6/dMjdgHSidOfs0BKMNgOxRKKpXo/P3L3pCwRG3SO/0QQ/omDR7GWZPqop17Nu0sK2tsybvRLZi9KkJhKoZ6UP/GQY3d3QcEXB48uiSc5ctHbtg+knVYJmBlBkEQxqa6huQ7hnAgfY+sG2jNKTj5Ol1+Oj7F+GSd5wFoywNaR3wXcwAiEaAxBQIGg/CSJAoV3lZCCSCIOEaBim6j/u3oJuHCJeQ6+Y2QXfRCVcYlFiAWMlfiyBAMRBKlaJzRIkGuWEmDUFAi2RpIoKUWQSipZg6fxZmTY8h3Z9CPudOz5FmAjqbCEcMhII6assMzGqqwI3XLcaHPvMWVI0qgXT63U2AylTepLocPMkIOO6ILO4Cy62Qcq8vn7F9dUKvqyEEoARCGwcSk0BogKvWJTC8IdXtjuYiAloIKX2qVkIDcbCoRnwEatnIhpHoad+tr16/ubp9MPN4Km/1vqRVRYJBtDmXtxJrX9gzQyQOlE2ffS6ipbVgeQBFaXMq5qIFKcOiYCvLQQjhoGbsbCxZNDZoJ/tmtx0amNXftrsF6YNtAF53pYMjZvUTa2PY1Zkqv3r52O9+9JOXv2PBm6bBzm8DO+4gQCM8AX2deTx2z0q07O9BdXkYZ5w1Dw3T6yCdDkh7oFBXF1QBiPEgqnOTdipzxTn9u5sHEzN8EPdw2QJFbCdfqOZJm0uzIO7ssuNV8ZgtcIFb2A/mXkD2qpypOOO7UHTmHEgrhxZowmCXjW3rE9jV2ofe9k0gx0KwehqECGBsTQYzp41G7cQxALrhmFtVeNsI0maBaDTcDmVLGbrlngt6wHzQXXQ8AGYPrneJ2J70uRs2B90NScwAYbKrLs1ZQA6AadAXhpqulDxYGZJ3IYI+dkcAQNwVSNVGqKhBO0JuSdi1+RHccMON9oo1zbcA4nO6rmdt+yVC86QJMF9TGjE+8763nDbtf77wJdSOMuDkV6l7AF94OVz23GtsTQIUgmbMQC5h4/af/A4/uO3Rrdv3J78A4D4UBza8fj1cb9oEgNJgRH/LssXTJowdPwGk264uCduQTgKRuI7pCyZiyWkTMfvkepRUG3CsHrAzWIjJiaohtOkQNAlE9S40LcK+bmC/cA/5irt+epYYmlgXhGi0om685wWVVyQRLOQqxEEXmEEJIErVwPWgm+ORoULUsK8+JcBSRyg+FqMmzsHseUuweNkZWLz0PCxY/CbMX7gI46eNQbyqFMy9kFYriDw4Xs2W4wGAOwBuA3AIQu8Dad2A6AaJPIQWAWlBRZT2GjgxdF44GQqpHeHW9LSo6jlNFylSrBgoFFbSfxGlbOUJpSr9Ro4o2lgUJMLDShbk23yAypoR4PQBseK5DXVZ014rJe9/ye0u4SpGqGx7Ps/7tu3aO26wbXfDzJmLUFo90UUl2fTNWScM7RBRtTvSAc6BnX4EIjWYPm8hauNWzYHdrXPbenO9AHadGKr6GjO4YDCI7Xv24Iff//4Ux3Q+OC1glE2RDuySKhilde6MN9hgmQPLFFgmwU4Gjp10hy2SkqITLiBCNBqgMndhi6Da0b3RVGIoC2OIER5r+KL//5prqAVj1QojioiECkVdWQDikItyohIQ1SBRpgi0mlvv02rd1n2qU2O0hFprcTcnlHlApt3PzglA5nwqz96iyQLcA3AKQotDkoGWDXvRsXkbZDqJTGc/Um19MJM6jFgl9NBIgA13J4cH54dc0EhMAtFoly8pQgr40V1kFmFXbgAhhdaWK5Cp0n2uVqPy4koIKgeJEhVZBH2iR8PLNA5AAYxqbML2Tc/Hd+1tC0iIx0Ai/5KiNzuDwMipMjp96d7Bjs4dO7ZtH9d3cHfjrBlzUFZdAyk71bw+vzyD7isXOPBzblmmYAR1TJ4xA+NGlVZ2trTMaW1Paw4FN739zqy5+/FfwsomX2ceznFwy/e/H6jWxNvesvCUC9/3vi9pskugtbkZ8YnnIBjiQs2E2ASzDcmyUAgGQiAxFkJMAmGk2zbieTVvZyUdhw+KF0f4oiOwTo5W2D6CsXotIIoh4uYv7oRS1/DKVF3KQz1HgMQIEFUDKMNQonCRUE2sCrfkSb0FFVPE83JpaMZIZAaBnfffi7Z7ngF3MAKiArk+E7m+BAY3bMUzf1qBQz0ZjJhwFgLherebmqCMbQwIY0BapZqroKlNxPPgQTfMJDdvhYi7RqWVgkTUBY+EGtsk1BcFfLkdHU6bY7d4Ho5VoSSYF48/+nh5MmNuBeSugorxiSIoA4cQLSvnRTff0rrz4fu27dq5Z3L73rWj589bjLLqsWC539dI6xN7gl/8Vy/knSwT0AyJpsnzMWNCQ1nLvpb5re2DIzf84wdbzdi0AaFp4Fz/68fguCKG0Y45YtmI2s9/9orrR41smkjJA90Y2HAQVbNPRaB6lIK0MyBEFXlWVz9HIcQoCDHdTfJFHNA88MPTLjFwuDR10WAy2RxS6QyyeRMd2RwOZXPoTaVBto1w0DiBQYMePapoeFCd0G5XdFAtyJhreFTmUqaoVAE4hgvKiID6WajCvKFabpSHUYx+F9hxNfCFXo3cYBy77/w75K4Ipl32LjTMexOiJfMRb5iF0vo5qJmwBLmOGH50273Y1XkQc+aeh0hsBEjqIBoLokaQKHVDSfhCcG/xKeEdUsVtN1T0DSAc4sX8s/DoKJQ5qcgJrqJzVe0YtOxcWbJhW6tg1p52dfFeWmiZ7WxBx44dsL+2vS3w4Le27Gw+NGmgY9+oxUtPpWh8LNjpLMpSFNBL73yDvvzOLe+wzIGQx4gx87Bwwaxwd/Ommfv2d47N9x9ay7me/qG12Ne6h8uaImgYV1zQOPbtZzaMCeaam5FtPYB8VqDqrOUwyioBzoCoBkKbDRLjIagOEFUQog4kGkCoVe0kCl0scPjoCAuh+OVIiXsfegxf/eZ3cM9Dj+BXf70Hf7rrPvzq9j+it6cHyxcthK6fiCqWGPazgsw9IyzsnAoZJUN5DG/mnF9uuxgGF5WCdTccLAx4j0CIMjhWDM3//AN4exTTLvoEAg0TwBkJsky3Apg3QIE61C8/BZMaG/G33/4F+/evx5zFVyIcmeyyQkSF8krGEW4TDfs8/tz3SFjYsUSMhg+yBMAmQpFSxGMBeva5lRV9/cmdAG81tAAkvzS2h913EE3rf41w5ci2cD6xbc32Q/OcVGfdnLmnU6QkDnb6CjL5RR5o3geg5NWGIFX9NAPwICrrJmHR/LFauqd1fHNLZ2PW5G2A7H5deLjycAgBjcLlQeMT75w0Y+b46noybRtde3bDioZQ86bTocejAIdAYjSENgagESp3iLmhEFW6SbsH5Remmmi++tTRFYv7BpJ46rHHseKpJ9G84QUMHNyHySMqcPl5b8L0aZPhqke9BCCWUJTXG7Lj+0Ydw3AHO9KwsLRgnD7ghoriPcQEsO7mqdpIDO5eia7H1qNxypsh+hIwD7WCIkEgqKu2FAlnoB9maztqqxswu6IG9/71QSSQwuzZp0MESoeFf8f6bISXP9lzuPqZW0aoqGxAT9vO+Pp1W5O2xAqGzL6cxdafGMRAbwcGUNaeN3Fo05Y9C0VyV8W8hYsQitW4+AANH3qpao6Fud1+ndEMmLtQWtuEBQsma9n+jkm793SNS+fQjEBNuzskznrtGpwtHAA8cX6s7CNvmzmvMlZRi3w+i46DB1C+fClqTjkJZGgu15HiKqxRoRaCKm8IqxwjUPQmBf1JH7BxpOVDhNEj63D6sqWoHjcF1qipWHrOefjypz6G0089GZr2UjQf6XC084i5oj60YE2az9h8nlFNcSW/HDq5c8hJRMEcRvszf0Z4YARKzXJkd22BFotDH1UPNgygJARKpGFv2wt5qB12ywHUVo9GZTCK+x+8F40zpmPE6HF4NcbjHrtW7WO4KMQwGC4FWV1Y/cxT4e6EtQrAgWLz8MuoRYWDLGLRfblkrqd598F5VcFc2fS5J0EPRMAy6aLIQpEaPMZMwZNLX/3SJTawzCNWORaz580kme4cv3N327RUymxHoHIfSJcvc5949QyuLhZGPGBcdHZ1/UXLx08PQwfsxAC6evpQe8F5KJk+xbf4gCGa9wqedy+Kz6MdFvIc20MREeLxGGZNn4pTTz4J5526AE0jql7mkHg6ytex/i+OYKzaMC+nKGLs/o20UuT7tqDz4UdRlhwHSqaA0hJoldWAlKBwANJ0IJsPgtMZiFAYMpsGWyaqqmuxb+tGYOIYTJs591+8DIZ1M3ihJQXQuncz/vHPR8p7k2YHROB5F8t/mfmRmQVnTAnWdiayud49O1vm1sSt0kkzl0DTpeLeAm5HfOFJGCIUTHGFKE8A0QiwYyBWOgZz5s2Glu8ctWFLy+xsuq8DMrsDryEZr6LBRcuRTCagB7/1jksb65fMqx+psbRx8NBBbOcEJrz5MsTq6odxA2lYWObLKcgXsg0BSI7v0AWhMqQjZoh/2T4/NP85kmf0GSIVp7q4CGgAEFFsf/AhdK9Yi4ZYA6TpgO0cKBByAcBUFtyXgHOoDchnXGZILA6ZGIBobwO6OyBiNkYvXAjdiPwbDE4OKYKDDOxv3oxHHnpMdA3kqgE8DXbayQgB0n4FvKrlANjenbBSbfv2L5w3fUR05PhFkLIbQEYBKB6CqkafkTe8RCG5YjRI1LhkASePcKwcM+edjAinq7Zu3D03mbcGAWx5rRidNmSh6V8LsWVddlZt9ewF4yeLdJ7w5AtrUHfhMsy48BIII3SExUhHQcPEK5Rf/DtJOHQM74dhG42rpf/8s0/i0MMbMGvsVNj5FJzu/WCbAdOE09kOp3UvnPa9kMk0nO5DcLoPgNNpaKSBBnrRu/cQak5ajGht3b/I0DCEdVPoViAgbzIO7FyNhsA+mCZXHujMtzMbz7uF2Feo1mxEHOjhXW1diRrKd81ZuGiuFi9vgnR6fYK6SmHaA+AQgRCVbr1UlKs0xi09sZNCMFqJ2fPPotpYsmLjtp1zBpL5fmhVm9xuYvu1YXBaUAMLJ1xPoUve3NA0Y8zIUbRh3RrYI+ux/GOfQaR2xAks0tf7Qcf5mMNzwZ4XNiDz1BZMGDcedrIdbFkgLQCnfTeczn2Q/W1ALgkKl4GMCDg9ALJNsJ1FS/NBlE+Zh6aLLoCIhl/Fz+czMPbUwZzieDDYgNCRz+Wx5rF/oDbShzFj62n1po7SdC7zMNjuO5H2nWMdkZHTYfV35VmPN+9t7pwSzHeNm7XgfArHysFOl4tOeuPKCsNKNBVSuuSFAppLmlseARAIV2LK7KUojXHZ86s3TEun+/cC9q5gqASO/e9jg4li7gSAEI0GUM6OFDtXv4C8NLD0ozehdMI4vHEcy/CKkHxVUwPMSgGrtx3CyoKlBZloA+wcSBMg3XDl+dgCdB2ifJQbYHW1wLIzCC6YBK2m4l8XRha6xeWwjnMDBAtOog9sGTjrtHEYWx+eBuBcADrLV6YZNNP6AhCIIq5lmrOO9sXv/nLlC7/92W2cSVVB08eqUFJR57gI7lBhQKNeXMYUAESJGlllIxQpxTVv+zDedcM1E4Kh0A0AGvK5xGvDw0nJgM0xWzoXTo9EJ45vmogpH3k/qk9fCgh6w66ON0IqL8ULzz6K3JadGFNdCYvVVFZNcxcMq6TfscC5FDjdC2Em0NefQW8ogIlvvRLRkaP/BcbmeTRHlQTk0LIARZHs7sD2e/6MMWOA6WfVoHlVF72ws1e3mO8H6ZlXrLjsZGA6DiQb7XnLSu3Yvn3ZyJpQZMa8mUrHM+9rshWKstbgsoJEfBggR0UgD0AgGEN1/Rjs3X+o4lD3wDorm9o5ed4S9LS3/ns9HBwJSJnJikAidsVVcsrXv4CKc08DNPG6NwIJIJXNIm+++qFEPF6Daee9CSt7utA/kEU4YICJIKKVoHgNKBAG6SGwnQdn+iHzKQjdQFd3CnVLlqJy9tx/gbGpqbJsolinYlcAiotyDwfbtmNv60FUlQSBTA6nz6oV5eHAHACLwa+83EFTuc5Rg/Z19WedPc2bAUop9o5RKNV4wrcudzSEI1MCPRzBNbqJEybh3PMvqZkz/+TG+sbJWnlpxb9tLQ63poQjnd7t8Uppj6r3Tad5BW4zMzq6etDe2Q3nRRTQmBlSSjiODct2v2z1JaU8YcDphb1tuOWfz+Bgz8Crf0E1DTOXXYj4hKn447ZtyGUlImSDpAURq4EoGwmKV4P0IIQgxGIx9PVIRBoaMfnqN0MEwv+iW++J+vi1XzxdTwErn8GOtU9AxrOoqApDduew4NQaLJlaVaYLuoCECJLQX7GzWTKuDNEQl7GO91558bLK6973aUBG3SFBolo1KTe6DcyoVeQK/wTco2MJyXQafb09nQM93fvTZsYJB0OvBZTSW+xyBixnyZvOOTtQVhJ75TIdIvz+T3fgu9/7AaZPm4q62pqhXkjayGXTSKcGceBAC1qbV2LFkw/it/c8jSdWPIcNzzyOpx57DAN9exEKhSEpqHTrxTHZJ51d3bjvzl+i3Mhg0fxFCBjGq35RQ7ES1DU1YfWzz6Bl915Uh0MIGzpCJMD5JDSZQ0g6kKaFx7bvwjPZBE75zEdRftLCV3STe3HQRA71eip/IxFCKpnG3b/4BZqMDBYsGIF8zkYobsDqdbSHX+iO5G3nGVcf4uWj7eNLgdaunNZYrb/79NMWv+fmL38zOnpsI9hpVdzXWgga6XZO0Ai3r1JElbc7cjOtd6QzWfzhzrtx689+8fddm9b+1nE4VVtZidYDe18bBgdmTvT1vWni1Blls2dMeZkF52G3mQTuvv9+PPDgY6iuqoVuBJDJZtDVtgcHdq/ErvV/w+5dG0BWFwKGg8GBFITMozaeBqeasX37VqxbswKrn34E9z34ALasfQKd3T1IZVKwGcjbArpwoGuAaUk0727BT372M/S07cY73/Y2VFbV46VNrDnh3QXlo0dh+ow52NHZjb/t3YOe9i5kU71wenvR0z+I59oP4ic7WvAXKXDyR27EqRcXpw+9ch6MjmxsXuNuYaKNMyRqIIqgY98a/PX2X+KUadUYNyoOM2UjQIRIjvDsxt7goWR6P8ArdT0A+TIBlL489PH1xmVvvvr8m2/85OfqRzUFwc5mdf6VIIwAUKPavKKupIbw+KvGET8nM6Ojowt3/vmu/K23/+nvO17Y8CWjdnKLPdDybzO2w/BvIXSwlHGha788+7K3XPbTW2/RGstLXrEF4IBw35rN+OuPv4btG7Zg1KQpqCgPoxoHMW/+DMw/6WREq6YgXlKOYDiGor6xBDgPK2ehp7sdHQc2Yc0LO9DSvB39XT3o67dglTegtnYilkyOorGxDGu321jx2BOYPimGt73vs5g4eYYKobwd0S+lN3yg4St39A8msOu5tdi9eQ0GcvsxsTWL1NYOrClhpOYvxrLzLsL582cgHNBfYWM70nwFuNeA86p3kX1TbTwOowZGHA/fcSv++a2v4xPvnoP6UVHk8g4CAQ1m2sH//HQLfv303r8R4b0AeplflpczSnVceOkFs79685c/PXn8tGo45nqAoyBRCVAdCDWucJRQXexDZCQONzjTsrFq/Sa+8+572557esXtB3u6f1Q3bmzbpkeeAOwB/DuPozWXXVRS2/jzz3/n+zUfu/aSl7kM1XRLVrkXGcilE3j++TXo7WyGY2bR0DgJs+bNQzgWBGRCDfxLgilTSIKpQCEzFKtfBzsmkr2D2LmjA7v2PI9ETzeSXWns3bMZLT15nHPBxXjXu29CvKwa7ORVA2Z46BRR+Mf2ilfN+GwAeZkF+pLAgW5weQnCo+qh6a/0THC/gKz/c/imxLJdUPviIXJ8DIgYbAv41dffi+61q/Dxd82BFIBlSRADwZCOB9d04iM/e2FnS0fqfQCefBknq9eWxd903mkLvvHB/3nLlDknl8O2ngdYgqgGoFIIUQegFoRygMLq3oeKdMJC65J7DCRSuPPu+/CHO/++du3GzT8YUVfzt6rKiuyqB+96zRSRjnSUgMT3Tj/3vHf85rafiFEjR710Y+O8O9iBncI0FYLm1qIKFysHlr1g2QnIBIqDKNIgdtwJOmwB5Kg50QGlJlzmdm0LNWieGYn+PNoP7YWmWRgzYRY0zQA7fWqwewWIRirlK6le0x0KSMIvHae9ah7v1QVBaGhuxkcCmNyQkmEpw5NFhj47IK0SXd378MmrL8XZjWFcccF4ZGwbEIRcv42AJmCGgU/+amv2d48d+BpgfQPQrBNrTtUA6ALILzt7+bTv/d//fW3WnIU1cMyHIGUfXMHbuJuvaWNcNTSOA+oekeoH9Dr5PYPr7E/gll/+Eb//zW8fPnRg31cCodBzYDjZnv2vmbt0tO01D3DLYFfbLM7mR8+atwCRaORFvBgP+3IXNMsMIJXH4gSAPjC3A7Id4G5A9rgNiNwHl6yaV99NVeg0XaNFHkVJOQazCZaDbve57AU7HZCyDcFgL6prdFRUA+BDkE4rWLYDvA/Mreo1Mu57oxvgARA7AOs+SXVgiFowAa99Fo2/WxrKmEx4A+2L//fmbeeH1d+8aapRPP34P3DXHffj6pNGIU4aMhkJIyhgpSXgENKDFu5+vs3Y1Z6wADwLoD8e1GEex/yNqy89BfF8kkJOdtbUCZXf+eTnr51/yrIJJK2VkLJPKWhLsJq8Q1TnarF4I6/I0xn16m1uSLm3pRVf/b9vZ/5w+2//0N687wts9b1g5x1pp15brXHa0RBFCL07m8t1b92151Q9Ei+ZO2c2ggFj2A32G5zvBnMe4CxYpgBOg9EPoA+gfgC9APerRZ9QP+d8fU45AFm3wRBZV6i1sCis4nsh776PZ+CcA3MazAlIpxfSSSjVLDWHjU2ALIAzYHQp3ZE+uJNm8ijo9INAMN2OdjaHbib0WuaG+sjHnrGxpebrKTWwwiQdJanum0oKYpCIQSKPX/30+4h1HcIVS8aosZYEKyOhBQll9SFs3NyLezf1ISlCwXzGfhYitAcw4cjjyOV6DoGlWTNrWu3XbvrYm886/YJlAnIzpNOl5Co8OUMGIwXiQVfDRUTVkvMGghiACEA6wPZtW/HNb323+y9/uvN7/Z0tXz33ma8c2H/HCpa5zGvuLh09gWDJAA7kshnevXf/opr6UcFJkyfC0ASK/VOyiHrBAjuuJwMnAU6AMQhXos5b2K6Xc9sv/IaVBjgNsKUGObq6+65ClemrGXlG4RmAt6N69B/1mCHaKZ5Wh/e7kpVj5TE5ozrYldCQzIPRC3CnK6vHlmKH2GpSzfFE5K8mnC+P4dnk4cbGlq/U4JtfgCJSWSgH6CXYs2Mt/vKzn2NpYxmaakuQzkpIWyKTsBGKaMiGGb99dD8uvv56jGkaHVu35oUdtm2tgRZyWL54s2dXhktnNMa+eMMHLr/mzMsvCujaFki7C0QRsBINZp+aGyOlrn0JIHSVyxuqX87Axucexv/8z8faHnv0sa8MJvp+CCDZ/OtHIM3XppCXdqz0TpBmE4ldg/3dofUbt86MN4wLzJo0FpqQSm1JDZDgvGscnAQjAVAGoJxrSJQEkFA6hMliuAi/nn7O9XiFlnpWns3yLRQPBPAY416uZQxb/H75Aa/e5BMuKsDg5DNa6eYGYABdALrBfAjgdnVetmrwpqKy8ZBuiH+lsTnD0FX/pqcQSC5qYhY3J/YBRb7SAKlrIUIgEcZDf/s1Nj3yDM6fM8qdG+EwpAOkcxZKwgYeXNmK9YlSfPizXwSle8TGNav6Ogecp1joKcgX1a8MV8XFB999/fIPXH79lfFQpAPSOqQaeQ11/aVvBSp5fMopQd+QatwvgeMEsG3tQ/jtT7+254En1n19IJ37hVpYr+lDP1aIItkBgXoI9O1De7fr3/7CJ98zmvdGzrviWgjS1Dgi4ULLnARTWoWKvgUt82BOKW/lhokFPiEsd/gg+xdVN7iAGCrVYvIjb3YhrHATZmBIu4y3i5PybJ5ic4EZ7xmrF34FXO8sOwAklF6/Z/COOt80oOVd9EzqgDB8sn7/KmOzlLe1fL2GxTno3kbCUoXPkEXZCCIfs18Wcjd3DJ1UizgEM9uHvWvWY2J5FFVlYeQsiXBAg+k4CIU0bN8ziHue2I/rbr4J1dUjMWqEg4oyTAHydbDz7SJcCpk9fNpVLRkYYEMrDWQuvfqSuR+4/O1XlUVLLNj5VnUPZeGrOJjTN72dBRhZECdAWikcJ4QNK/5p//qWrz33+DNbv8cW7htbDmtfP17zx3Fi0pQGsDHR2xXcvem5maMqKTBuyhyQILDTDkYSoLxSAM4VwQ9WXg4pn7cyUaQU+WtF5Pu/bzcnj9/Hw8ALZ5ixmUWPW9Ax4aIRsgI/yD80A0NzQiSVkGvOlyeqkAZCFVpLQEMM7tU2OrsYssucUl/OFFFf5NXvabAcVErF6j6Qo/RWfPLobIJJRQ/Cm65KIL0U27etx9/+8FcsG1OCKY3lMG0JRzKkZNjEuO2JPaifPQbv/MjVCEQYhrCw+tn1JVt3dj8nUbGVZZaHcyxrwjF0hSdSWf7gqReeOf5LN33q3ZOaZoyDnd/r3h9vsAgF3MZ5ZDB0VjsAlLqKaloNHDkGG1Y86jzwpx/+7YVnX/jU6nasmFECZ+vrwNhOwOAACC3FTOu7+nLtGzdumSSc/opJk0chGAuAucuF9JEAIVswOnfOc9oXHnoX0VRDK/xEUzEU4RwSNnlSDgGfU2afwdlFQMWDuRmqKVT4wAEUxX8oAG+IBMMaNlfOyxn9TZnC1XKBmuAjAsPC2FcLBLFcI0FebQYpMDJqU8goAdk+F4xCD0CDrqdGzufpocYYW+4scDKLISbZrhSg0PDYPb/BzmfW4Lw5oxEMunqejgMIjfD3tQfRxhIf/8pHUD9mNNjpQLRsPPY179M3bdq+L5lNP4thSdzEUTU40NsPI985efHs6v/7yCevXjJ36SJIezfgtKlzDxXUlUm14QyVESIQwtD0atjOWLzwzHPmA3++9e/b1q/8fDSMHcuWLMXd6/fj9XIcv8FxAICdkRAbOvsymzas2zw+3b591KTJNVRSUQ6hd4OdLjD3KrTQUZ4t6Vs8ZiHcJL8nGqZvP3RMryiGgIU5cIA3VH7ohFFZXGSedLmn6ku+tg0KAAgW5hi4765gZxT1V9jzbCrEJU/vn8qGCiS9WgbHlsqP867KM5IKRDBVbjwAYBCMPkAeAstuF6jitJv/eJsKecZnDx2Mye49ESKORH8SD/3xt6iXJk6aXAPTkcjkHRiawLZDCfx1Qytu/MS1WHzauYBsc6+b1oRUXw7PPfu82dGX+meIkLYRLEQP/3v9WLTt6a5cMmfkV9/2ngsvOPuK5RqwB9LZDyJyN+dCcDOoQBJ30hF5EQjb0PQySDkSm59+yrr7d7ff3bxty2cCurkHRhN++dAGvJ6OE6A5OAX48oY5Z+9bd/DA7nVb2uaue251XWVgECUVIxCKlUM3HIBTIEqp+dXZIYVVv4Lx4SwIv0zDcOcxDAQpeEd7aI7jGUhhKIj6P7Ma46Q8IQmfkQqflJ//nPJFY/TESSngygQWjFe8wkbHPgTRBLNXZsmAydvAsq4X4z4wBsHcA8jeYuhOUIgvXCNDDkNnOIjiZyYGaRHs3bgWq//+IMbXRFFbFgZAsKXEwWwef1vdglPPW4wr3/kBBIMpdW61IFGHuJ7F0088qu/c3/eQjeAhL13QADy7oat01qTym99+/XnXXfj2q4KadgDS7nYBEipTI5BN97wppjY9d24CwQEhD6FXg3kS1vz9aeux3/z1ofbOzk8smJTdu37fCPx93X683o6XxCvqryhHpKxSD1aPPm3E1OXjDu1sx3P/uAtmKovysjIEI+XQjBBIC/tyEH+YSD7gw/vyyVoPR+FIFTjZy9GEzzA8NM7wCbxqPs/nhZkahmrVe6GlGgpSyD2KgwIJpm9bcJTyMqvwLAxC0AfK0CtgaArG98JxzisvlwGLdBHN5RSYky7yywMqNMv7NkUHgPKMyIEK/EOfUCwJlZvGYJuM1Q/9Dv3N+zCprgIaEXJ5Bz1JE4+90IqGaWNww8f/BxW1IbCTgDvTrxokSsGBMtz3yDOhXbv2bJRsbwBYjo0EERV6aFxt6EPXvPW0my579zUxw9gNx2pWk3vU3SEbhLRb1CYdjJxS8DYApF2AxJ6AbU9ttO746t1/b9nU/YnqhvK9CVTit0/uxevxOGHGbGVJCC0NpwFbHph6yeWnT/3Gx9+P8pCFR+76MTa/sAJWfxcqyypQWV+NMfNmI1pdCiPojo6SYLCdc4mzhfCNikZUWCyecVi+MoAPICEMDSELYaActpeoBVgwCJ9XLUj3ke81aKhuBqspqhRUJkEuK4UGAB4Ec6wgff7ySgT+Gd+mayicUxSsrMKscgVAycuNi0CRf262GuulSh5cqCHaKM5l87iteZBRi8HO/di9ZTuqqqKoKAkiHtQxkM5jXXMnxk2ahKs+/WFUjq6DtHoA1CheoztrPRQdgQljxmmRUHB2Ip0z5k8eacsdhyAqjLMvu2zejZdfd2VJINQOmd8AAQ0su0GcdVtrEHHBf4oUgCpGyp0RKEIgGoUX7tkgH/7Vvff1dXZ+9mfbU3veNzWK27v34PV6nLDBpVJ54OFvlTZOnnj26fMnNYwdXQODD+Ka91yBxMBCDBw6gI4d+5AY6Me+NU+hPBJFoC4MI16CeCACI2oBEQ85O4I+pBf6FUIgveiIC2KyEkNmhrPlY4t4i9/2hakSQ+Zfu1gzhvD//CySwv9032UyVI6RB7EGpjQIaTAb7nAPOtK0nxMESDz1Y7YBmQMj59Y0OQkgpQzRUsSBjO8zyiHorJt7stLLzIJ5wK0hIqJyOMWoIQcsLbRseAZ9GzvQMKEOgoCMaWNn2wBGzhmFs9/5XlSOHQtptbmd1lzi9qKpeRE62SiLOAKQ8wGU9e7tzCaASefPHPGB868+bVRZPWDnml20VEqQSBXAKjfcNeAN9yNECp9J06dhy3P7cO9vHnx648P7v7gL+T3/s7gJt3fvxev5OCGDi5XEwbk88qY5ev742mXnzh8HAy1wzIcB7kdJPIrS6TE0zliEfCaAdG877NYO9BzqQDiSRDAAaKMiELFawPFN54RUSKEyFjaLi7xAKPY4grlieMjeru1ND4UbPg35WIpVzn7jY1/RHb6bzsXwtfAa0md8SpaAytRunAYhqhaJ/hI9HB8O+kC6LBFSdUvkXBqcTCqOoe/cWQ4zdI/KpanvZpFRA1uhgkG3pqiHkRrYh9X3PILaWASTRpYgm3Hw7KpDMEcEcf273ooRY0dBWs0AIiCOKtJw0IXzoSGTz2LLgQRl8s5YAHPrguHVp8wJfOCqty9bPm7mKEhzI0j2q2yAIcIEJt3NMWUCTGF1P6OF+6oHSjHQznjyjqfan1y189ar73U2Zd5Rjp81v76N7YQNLpfNwrbsQEVMO23i+ElTG5uawPazaoysDcfqB2x3Ko1hxFA+Mgyum4DSXD0IOQjOuAXkQvuVLIwqokKxWy8ySLxxU+QfUsHKuBR1hwyAWRFeGcVZ2ZqvlhNSHsgDbPLKAFU46RWImZVB+fPKIIZItKsJNcQlqiEy5JsI9FINzuM2qoZQVuUIslRo6RIHmDRfTc0DkkJqg7ILYTSRGtZYCJUVGEH+HE+A0YjuA4+jf/d+LJrUAAOEDa3dsKt0XPKht6KucTKk3eHOTRABhVSHijMjQDiwayeCyf2YPDoe37k/8z6drNOWLV9w9dILzwgYARNO3nKpWAYDuuN+BoWgugSHPMAecgyQFoeZD+DeO/6BO+9bv94yIs/88d2E53r68Z9wHLfBjYhF0Z5KA0BFXV3lm05ePEsPhAKQZlbB76HCDWVpgWVPgdqoB9y3YqihF17BFnB/9zwLYgDCRygRaGDFs3T/lnafX+hjs1WxFMNAGT8u5P1Nc9+jwMP05XYFz0ZFmhQVyxRESoZbQk1RjQEcUWGwUzjX4zc8H5F4CGrrzzntYkGf/Y/xfz7lfQuG5p8tbqpaqGd4trvBiVrYeR2r7lmDSMRAuNrAupY2VJ86DudfcjGqRjRA2ruUcE+t77VMJW3hGv1TTzyCsbVpzLt2jvGpbz59zsSTJpx54Q03hKLlDNvc4c6gQByseeQEj+equVgmpyHggEUKYAHiNOyUgdYN+/BCayZKerTyb5NPav98biuv6j/0uje440YpLUfCYaYAsHDB3KkffMd7PxQrKy9zW28KuvsKoCAMZYuw8mYepUiFPUXI3fMgMZczV2CCmD6PlFSJdcLla8ICFRZjEcpnFZoJ1d7h3mATQ9n+AV/dzfF9CR8IoRUXcSFM8wCWjKob5QoG7IInhKN3Wh8tlPQTkv3akGYhf2Ovp9ArZrPlK8xL37kp9NbjVRYe4/EsPeAFEHot2prX4unf/AUc0rHtUAJjlszB6W+9DOU1GqTZDIbpzsGjIlpMUkUdIobOQ7vx5199B9PnVmHOuBFYv3qv9tb3nqMvOGs5pLNblYXsItsHrj4JSADc70Y9AoBjgvsGADMNuz8NLeFgrMXo7zYbZA4T1/S192/P9w/kYlqmNGAgl7f/8w3Ocdvog9VV0Xdfd+2FZ55z4TUCrKn15SgI3Q9Nq45ixY/z06CK00JVAZtiaicUakFkUaSG5RRc7OUjbuhEEMpwpcr9PH/lgHxipu6RLxpSYR5c1J3trQAY92f3fIgiqpXFcT134e8BFd7qLkOFM6oYXqI8nhjiEY/Pw8nC5FFmryk0V8zdkPQxR3xOuTCqWS+WJsg3mqsQYvoGYKpzF3otIBl3/eh32La+FY0TR2L+uadh6WWXIlpiwjF3K0AjABIxd3JsYaaCVNNtqrDi8fuxZ8U/cNWV41EZBXZs6EaspgTjx45CKBqAFoyBEVQMGTWKiqJunRYDEJSHHEzA7kzD6TchUwzZa8M+0I14XMNJM6vFmFhw3EAqd3ZPVo6zUsCk2lDfmKpwurUv959tcAo1HB2IlH323MveMWLe7Hnk7lQCJNNgblMLo8j9K9at/XUqfzlA9xV6ve6DlGJP5JQXzBV2cmJTGYJR8GSu8bFC5qSPraApIN/CUN6kYlzAARVUhzUVYqpzJk1JD/iRTlWboyJCSqS587cRU6O7tGElAjoOg7MV8mgWw0f2ABOP8G0qQ/ejkQHf7RNHeF11rWn4MEwBEkE4uRR2bGzGiEmjceF7rsaMZXOgG92QTod6TkzN/DOGgkgkILQyDCRt/ONXP8PEsj6ceno9AgGJtZsGcOtfNuDgjp1IdnUiCB3l1eOhh+sBCrrz4JGFQAYswgAT7LYU7HYTbBM474AHcoAEbAlEozrGNcYwpiYciWjGTAE+rSeXHxu1tMwHxo5pm11Rar/ecrsTMDgmAGfUjGh4x7ve/f7QmFH1CloWqibVrEIIP9oG38KTxV1WjektFrlzbr0JXqHW8maiKvBDV+UxGlI090AR8oVVBEM9ftiACvW84mPTYE65npNYGbrjq4n5yxZ6gdVCxMrTuaNwCWpksYgoMEEMKzK/GFjibhau4ak8jSxFx0qoLnnTTaFUQdt9bhDQQu7j5PAQ3F9p8Zg3vo1TpgHNxviZUzBryVSUVmuQVitYJpS3d/NTN+rQfHVLF0QibTTWPPc0nrj917jwotFoGFMKiutItGZxxwP71m47lL11+/b+xKOPbRzZsfdg0EjlUFpag3DFJFVnzIJEAJzLwO7KQCZswJEgjQCLIS2GtBnZPhv5tI2qshDmji3F5BGxaNaSM7ID9inbu9PxVd392xsCkXQsTujP2v85Bjdy6jwku9sFCXHt9NlzTn3/e9+txyLh4m7KSYC7lNHwME7WsPFPFCguOE9CAbYKMf1AgADBBLGHaLHL7FDejQqP8Vru9WJZwfe+xcd5pWutkO25v6uFX+BFFonORGFlWBgCaBTVgAESlSCqUB4hOKygfhzhJFjxBouIrRuaD7rULWVw8BslMUiLQjgpyPwASI/6wngHQ/oGqdjJXmTcuCF3IARoWhbS7lXPC6jXCECImCu2Sn6tFwkSMaSScTx0248wktpw5gVNsLM2jICOfL+FDev7Nm8bNL/Ua5fd17zv4PObNh/MPfzEhvrtL+wMN42qobrGxYCIAU4znM4eyCQplplaHzbDyTLsLEPagBYWoBBBCwpUR4OY11hOI6pC5Vt6U/M29SYnHcxld/VzdQ++kGQ88aX/DIOzmSA0I0iE9598/hVT3nzh2aRrpGhHWYD7lWxBEv7uY1beheBjbxQ8SLG5lGEN80RC5WjwsT9YvRL5jMZRBkNDUE0uADJF7jlBDjNE+BoepS/fVN3jJJVhCTdUZtPNXSiipruGVO5W64oTaRHFSNHAEMjbEpIB7ZhzGdj3+W3XuwkNxDZcYnJSGb4o5pTkgEQQbBpIvfACNKMEWlmpCsmHyX3TMC9LPMTQmS03dCa/dKCXr4Z9xqoV/if00WjdsQMv/O33OPfqRtSMKYGVkwiUaHCSEhte6OYdbT2rw3JgU86o25VO9T7ZkzGe39Ji1m5b+0JdTSRt1I+eQsFYJYgG4Axm3DBV10CG8nBpCSsvESzVECrVIE0GDAKFCEEhMLYuiuljSoPxWGBix4B56qBtDPCjN7eAHfM/wuAcy4JjW6PipZXv+siN7x45e+pkEPKqByundEm6wbLfF/KwCuHEEHh/qLFpyiQIR+ocIA/AKJiNLHglLkgvAMWJKii8HvuRvyE+lnA4gdr/fH/BW1PnmlcGWOKK2qBGaSZWg6gGpJUpY3Pz096uXvz24ZXgUBSjK+JHRygLcgjDPVxG0bkcdQ0CINJd7X9YEFoVdq3aih0r92PMkpOgBU2wk1Qhe0gZmgcUeWOEHSUr4Vdc9oE87LXsBN3ctEACV6wQtkEiDjNXhxV//A3izl4sOacJ0paFq+5I4Ln1XXhuZ9+qnCU3wkoyRi/LIVm1N1jCD7Uc6tm/csXmylxnS1VdSdiIVFUgHDUhsxagqcmyeQdOyoGTl4AE8kmJfEpC5hlCF2AdyGUd1ESCOH12tZg2oay2uytz+mBvuiQj7WaMrUhAECNrvX4NDtIG2FlQXl137Q3vvKGksWGEAsSkylsMdVN6VKJfpE1RYXdkn9H5JQpc6J58BlE0DF0t5IAKGz1U8shjg8k3lZWG1PKG/0zF10fYBQcQUWyHmJo1FkKxGyEKEmNBWhOIxqrJLbUgKgcKKJ6btzmWhd/96If4072P4LILzkZtWfwY3q2oP1IgZrOj+JqkaptGYfYZ4A7+yCYCuP/WB1A6rhETF0+EtPsL9KhiyGgO8d5D35eKbB3yG55bpiHSXS9eyN9UOKmNRkfzWqz68x1YcuZIVFaFYPWbgCnd7bEiiF3bBwLPreveVVIaWhHRhJPt2YPKuiASXc2ZcmGt785Hnhrs7B7YsWlv+a5d3bV1NRGqqYqBmOEMmnCSFkgAjslIdzjId0mYg4z8oISdYFi2AwggMWiBBTB5SimWNsXCbDrzD/ZZ0wfbuR1Z7SAQcgq13tcfaEIgIZbXz1923tXXvjlSXxYvQuDMaud0vRw47fNQ/tDPD6Cwrz7kZVT+we6ikHsVGR+meoy/NZGHFa/9uZEctsj84aSnoREFUakyNMNn3J5sgRvukKgDUROIGtQQwAiIQiARVOJDRYCledvz+PK3vokrrns3Llm26KjX06svespmbhnA9DFJpC/UK4buJELY/swOrH98O868/jKUlIch7QGVb3mdEf4w2+/JNR/dzeuW8DN8DGVwQbWRooj2iggcpwx333Yb9I5DWHbySNh5B9AJFBCAzQiXB9DVnhU7dwy0SZKPlUX0THfSRDblIokZCfz8zm/0b2/uWvHU2tZ1K1bvN/dtHajXUlwyuiqAiCSY/TZsZghBkCZgWxIOJPKmhOMwSAcMQ3PlhRI28gkbNXURLJ5XrdVEQuNSXeaCQ4OZPgfp3UDAPjG9zNcQSimEeNP5F1x82pvPPysQCSjlLM6DZR8YB8C8X4WUdjFhh9eh7ScPO8N+t5XnYh+I4PeCXoe4iRcfHHEkb4bDvGExXAqpz5HyyTHkVQ1fnyuAAABH40lEQVRQMfQpBkGNSnI7poRIhS8UVSEyCeSTHfjal76AdLgBn//4TYiFg8fM31gmwNzqXjvqQ0FSgjIoanSaYO4HZCsgMoC08MCPH0a8rhKnXHq2kvpz4DLvvdDR32okfHmYv6nXF+oXcjUVSRQ8XJEETlo91q96DHf86E6cM30k4qTBzEuE6oNASAMMDYGcxGBnFrs7UnvylnywrCSYbOlKD/nU//zLQziwv52zuVybactndrem9r2wpat+V8tgQ004SPWBEByTIYIE25RI5i1k2UZc0wENyEEil3Fc4wOB2B0krBuEOWNLMW1MrDoleN7+noyZN3Ob8O+eMXyi1K5AaRWEEYxZ/Z3TxpZHI1FdhSyccUVekQJkv2ts5ADsydgpddwCwwHDdl0qCMYUUUc/talIseIh4jJHCs38XEw+zBMe/gzpGnkBaFAyBHCKjamkFWhnjCyIMu7rSgJkTHELGeCs6w30Ebjrz7fhqee34Ts//yNqjhpKegitBcgMmDvBcqd673Ll1eB6OgqBYIOdAwAPQDMm4eCOVrTt6sTZ75kPoaUhrawas6vmBHjCSSyH1ejYF2l44afuy9/80YdRDP85DdLr0dvdhR99+w8YF4li4pgyZLMOggbB6cyDDQG9IQS2gERPDomkRRYz5a0jC8P6hn+kHDh37e5NbWt9Qt783ObEFVcsrtPfefpohC0NvZ05ZE0HDjPyEQc5S6K3Ow/LZlTGAqgsCyAY1UECSPdYyNjA7FkV+NLcssbgD5yb//rkgbqkaX8DCAweHlq/Rg3OCMchhKhxYlVjIxU1JDQ3r2EnAeaDANoUQpnAkBYYb2Il530F5KGehn2hnv9n8jq4fdLdfFQDKr4m+8Z/HE8NzGWwGD6GC1yCrr+BlVNgeUiFlxoIETCVAFJ1CciDIH0U+jo6cc899+L0s87BSTMmvMjUKTd/YzJVqOgySdwSgCiGk1wO5iyYOyD0SoCq8MxdD6GkrhrTlp3qIqqK4O3K4vkae0lXpVM/gGX6ygVF6Qi3oXZoyYLVqF8SOkgrwVMP34XE5k5c8565MGIaUj02nEEHmgaEGoIIjYrj4M4kfnZ3M1bsHUR9ZRkSx1EbG1tWZe8Lz9pimnue3dPff+5DGzvKqoWOWaPKEAoIkADyOYnuRB55SwIMhIMChiHgSIaddsB5AREAyCAMdObQUBXE566aXKNl+YN3PN9aksibXwXQ/rrwcJnOVjDbDaNmLi6fOHsOdMPrvE6B5Raw3FdYrFyA7j1OolfQHp5nHaUIrIyyaHrDBYOOtYClj0tJx2FyPr5k4Wd2cykO+sjIlhqD1qloaPGiHABnAEoAWg2eefhudPRIfODmtyIWjb4oh9JtDHVDOy4I2Ran2JBqPWJYAAWhGXXYvOJ5rHxsNd7+ybciWl4PaW8CkaX0YzwwhNQmpx8WUbg0Nc+zBX0ZhTMs5HQL7UQSQq/Dwf0H/n973x1m11Vdv/a55bXpTaPeJavbcpG7jXGlmGAwoYWQ0FIICYRAyI/QQkwA00wwMTYG3G3cuyXZslEvlqwuq4000mh6f+2+e+/Zvz/OueWN5EYIWDD3+/T50/jN05s7Z9+999prr4Un71mKy6c3onlcEv19RXiuhHQZJID0bBNDvQ4ev28fcpnJWHzRBOZCERACB9oefcU78aEzp+A975tAP79x19kdGfHBJWeMrXnH7DpUWTYGcy4YBjJJE0mLMZz34LgStiVgmQJCqOeJkAKmNCAN9aCXRUZvSx5jp6XxzU8vqhT/zR+9Y31bMV8yvqlmLcU3d8ApFWQ0zWyqrVo4oUEVYJwHyy7lEYBcCIdHkHvAVHdi5SNeI//EVbtGStDFtrdfuSM6DhgZqW944u/yY0JB8TlVRGxWjBe9AsQ+wINhCWaaU9F5eAhLn1yBi698NxYumPfamVUWAdkN8D6wPBTjPUZSEyFPlAFhjYWTTWPZbUsxZcY4nHL2uSDqBfOAYm1Qhf7egpb1s2OBhBEIMccYK8YIEEuv7TAAFEDCglsCHrz9QWSP9OCsq+eiv70IDxKJlECu5MHJe4Av8PRNW7HvaAZfuO7LWLXxED3467swZszYV7wT750yAS0bh6xlqc4LzphT+5Xx1fY5CyfVYEJDGmZSYN+hYXi+D4PULJO0FpTvMUqGlkz0GCXLVx4fUk9bfYZhEAbaHdQ2J/C5a2dnuh187NHNXa2+l/9pbCb1B7le73pyWpCwRdDfyF4wDukSiMLJWNl8RwMkJARIjDz4x/MMqQx9DIAN47j/97qJaK/L8D0+j/NGDOe92M9iRGYScMHIK+IyMmCeiuXLlqJ90MI1774alenkq2RgD/DzWmFrPaS/Vj+0hKakWSHAETJnyIYwp2D90t3YufsYLvrz96CyJgG/dEBLtJtlYxaGpTOZGAEgUTSSCTT62Y31bMZxoJOw6rFjy148+9AaXDq7GWNqUiiUfMUKYYLvMirrbPQOONjVOohrP/F+1FQ3YvO6pcbWDS8Ya154+oR3/W8bpmDgUD65cHLVBxc1V/zwgnkNF50+pRYpy0De8dDdU4QvGUlLUdIkGEQE2xZIJgQkM6QEEgkD7DFyQy6krxyIhVBZvpT10NtaxNhUEp9+y+SaS06p/aRlJ8/58/kmYFe+OTPcpMYUunsL8CSsqrQwDCM2JNWrHhwbPHNYBiomvxACglxI19V+zMkwGHlEicmx7MZlxh0MvK7geaWMcuLRQHmok85kwcF0I0lwHYDH0clYwkhMxpHDRdxzzwrMX/J+zJk791U+R+C90AHJW8Byu165McqAIgr5jxLgEszkdLS19OGBOx/FaZcvwfzzz4Dvvaw8GagaREkwZzXIktL978jRSFxqMGY4HxqomCGFTZWnRRhmNfLD9Vj22B0YawhcOG8Mio6vS02CU5CoqrbhpwTufmQvTr/8XJzz1tOwfetemM5hE4CRHRo47k588MJZGMj5FVMqKv5u3sKaf1w4pXpc2jIAAZiWyq5SMqqFDVsIuL6E6QPJpPotSQlkcx6ckoTjSTADpmbzMAOmLVDIusgNehCmj2x/CYuaK/HZq2fOE8vEx+7deGR3XZXX3Vd6E2a4M2bW4cypNs6dkUhecU6dWVMVaGHUqgEwjYkNtqmMw0emgOskkd3YA7/HAZvBINXWbH55gsNvxNZ2GMfpkBwXKm8sEOnVBtCaYsUxeyeGDw5RUsQ+sw1hTYfnTsTOlY+jysrgXe+6EoZhHt+XclEhun4OkANg3gOWO7WJSeDWEy/3pK4AcyCRQSE3AQ/f8SSkYePdH3k/kokusOyOgSUlkOwD0Km0S/RYgwNphbKSMlCxxoj7qpZKlcqXNjmhery4ahO2L3sJbz99IirSJlxPQvqM/j4HA4MOfBN49rnD8LgC51x5JUD9SFhZZOxUBkAqbnD2rqYpAB9Am1c7rX5C5hvnnN3wxVkzKsflHB+ez0iaBkSJYFoCNbUJVNYYcE0fbklC+ISKpAnLEAqkSRgYypdw4FgWPYMOHN9Hf38JwwMusoMlAITKegvVtRYMg9A54MCDD9dzzwBQL6V8c2a4osdI2D58mEbRMUhKzUCkBAhNIGrQJh1ObHameiFD1KLtQCdalx3Fko/NhxBC/4pFrFzkEegknaAXCzKQPEGoiDcUbq9dmPph6cWaJcNh8BEIAmTUAjQJvd0Glv/6BviDPfj2D76D5plnnAD6d8B+Vi+RZgHqBXOnLuXMEc+9mN4mDwOiAaA52Pj4E2h7aSf+6nOfxfhJjfBKazVg4yh5eaTBolH53GFYf+ZUjGMal8ajWNKnKIuT0HM/VfYa9jT0tA/ivpvvxOyGDJbMbUAu7ynZc4ZCC1MGnt7Yipydxoc+/1E0jCkB3AXbSiNNpTobqKkEMG9yNeo7k3ik6xA+PPGtFzTMrPva2ROqzp9RY9nZnIdCSSJreCi6PjKepRI1AQXPR67kwTQJLAgmDFgGIVvwUHJVn+YzI1tQn8syCNUpC7W1KVROTMIreOjoc7D0YA+eWNPhvTxYGO4aLiwFqDtX8N+cAbf9SBFH2n0kDD9Rtb1gvKfAqKrx9WzM0TtrqowMgoK4CGFWQnr12Pf0aqTrq2E0NYH9Xt3Ml14h3wTzs9cqDUfmLP4d3o74+s8IIIc9kFkDw5yDvZv345FfL0VeTsBHPv55TJi9OPZ9ETKoIP1WQB5SHnnaw07dB+e4YX1QkpMYC5gzsXfDTqy6+3G8/cPX4LRzF0F6WswnkCfQPmkcCuBm9KqPKOujwx6POXR8VaOBwK0oEY5gyJgIrzQNj/3yegy83IO//dCpECbBl4zaOhv5vA+2BA4c7oU1pgJ//jcfxKQ5zfCKe2FaTbATtUim0tVVQFXSBgbaXGz0Bo131I65ZO6U9LcuWJg5vbrCwrHBElzfh5CEbM5FOmXCzvgwAfT0uegbVn5zSVvANAR6HCXK63oM0yCkkyYSroEh10PW91CfsuGnCIO+hzUr2/GbTd3u6tbe4b29ufZs1v+NR8mH4fE6gIdc/02a4YazKjgcH5bn+0ZEC0oreyMvQB7tKH+IJIQ1BS0r96HQcwwL3n0RIDxIz9R8RehDEe+Z+HWgj28kEBFiovwGhH2iQbwfCzbNfhEmfL8eW1asxqa1B7Hw/I/gvMvejYpkAqGRpIzD8UVADgJoh+TdWjVLnODBQmq7gbXQrNEIMhdh+/NL8fAP7sHZ77gU57z7crC/G1IqBJK5C4H2C3OPFhFK6LIYI7JbgD5qcCV034kDRlryglIQYip2Ll+Bbcs34qLTx6NU8NBZkkgmDEif4Tk+Dg0NoTtNuPTD12LSnKnwnT26p/dBZCGdSXFDNfyaGqDNSdacX526Zm5j9RfPWlg3y0oaONCXR871kRYGEjrxmoIgJaN32IHnMyRzOMt0fQnfY1SkTaQTQDphwhCEYddF35CDrYMF5Dwf/YMFt7fH7drWOtTa6zhbAX+9ZF4LMvaTbcqGCVM4O9iHwh9QG+VVA066IfnT8/LD0vP0RrRIAlypBsDcHQ1bQTATs9DRUsSyu5bizMunoXF6BXwvC6IpIMogMkRU1CkKkb/XNz97/WDJb4Ntki7JKNazqcNpWFXoP5bFTT96GBX103Dx1dVoO7gTUiTA2a0YP2kCqhtngv2iEjOV/WDK65Lbiyx0jxOsFXrc4EKYzTDsmdi/eTPW3vUwFl98Di75qw8BfADSawNEvQZIHCUVHvqUUxhMFFLp4uikr8cfRiwIgUhaXO3bCWsKWl7agl9+61bMmFKLU6fVYaDPgbAFqj0T7iCjpWsAPL4SV3zwfZgyZzp8J+hHlReDMHIoloqp9kHMbjFmDC8eW7z2radU/OV5s8bUUV6it78EIYCUMCBASCYMpBLqWZ7NeSiWJBK2QCZpQjKrLJcwUFdho6bCRnXKBAnCi4f68dCmNqzZ18f7s35PQfJOv5hbB9BGEG0RpnVEup6XqW9CrrcL7PSj+9Affjv8VQMu64Qji8G+oZxTLHnJ6JBkQFQLJgvMg4p7b49Be1sHbvn6faiCxLRzzwGJQQhxCkhM1H2Cq/UVO8N1EX5FDuQrzenwGpktGsHzGwrTOOUs2MtTWV36hHSFxHs/eiHaDnRg/VM/Qm8hiV0Hiji470X83Sffg/d+/AsAtYG9HcrpNTj4rBxgog0KWwdhoMWZhLDGgnkKtj+/FtufW4qzr3kn5l96BYTRAekNKtpXYMdL9SBKaZBERuhvKAcfQP0IZ2thNUFBnx0QlQnMvnIU9avx0D2/wrHuHnzg/ImotU2kGwSGhkvwMyZe3NmBQsrCtR/5AMbNmA7f2a1mimRrWp9ARToD27Jqc8A/zmosOu84vWnmeXUZS5SAnOvDNJUIsNBrjtUZG7ZJGMi5cEoKBXU9iYqUiYqUCZaMpKWCcmCohN0dQ9jcNognXuqSW485+wtOaTmkvwLC3g4kWwAqgQthssj1dr2ZqJSvkeGi09pr2IkcEarDw0kWQLUwzEYwlcC+B8+twqpHn0F3Xyeu/fIXUN10JqTXDxK1iFZGArk7Tx/yLIgdXWa+ctZRGct/BXTzRDB/vBej1+jbeEQRK2PFqGaD+HkkMyaueN9FKAx56Ok4hJLXjEkbt+Mrq1dgz8E+5R6EFg2MeLGxQkDkLurl2ODvavRh2OPhu2OxY8VavLj8aZx66XlYcOmlILRAep26fAwMJRXBWlmA6RUjLsYeVnHhppFopK/VmCOAmtkAiQQMezK2r3wJ7ev34e1nTIUlCMMFDwlToCZtY0NLD3YVC/jE3/wFxk2bBlnapvtRCjcUWDLSyQo0VKdpXK0x/R+uHIfLJ9Wj7ahy86lImiiUJIolHwYRqlMmCq6HoTyjWPIV3cAkGERgKZEQhKyU2NExjD1Hc3h+Tzf292eLPXm5dSjvP46K2ueSDc07mxKloUFH8OCRN79Q7OvVpTxwsOVg57I1L46bNGE8krYFIgtkjkdhoAXF3ABqxp6L4SEDVSkfH/vCtzD7zEvBsggS42LuL4HgpzZ4ZwFwBUIjxBCW93CcNMNxgfFa+etEzMoTzeL4BMNwETuw0SY0+wX4xcNIpAxMnJkAaCbM5CwsWrQMzZOng6wspHMUkUQ7IgEe9mIPgaIeryQhrNkoFdPYv/x5HHppK8695l2YedZCEB+A9I+CYWlFsQLAwyASYKQQ+i6QEVOglpompvmuMdPK8o13P8amyUKIBgz3unj6nmWoIcb8ibXIOR6kBDK1Saze1Y4d/QV84It/gTnnnArp7dFy6xRDVy2AUvDZQsFzcc68Jlw1bwxErwvTJORLPgQILBkWCCnbgGUJDGVdFDwfRISkIVCdNlGZttDn+nhmdzeW7e7il44OlYZyXnbQ4fXMuB/Ab8x05ti/tTxYuPVtn0Hrho04Wa7XDDihZkvbutsOP/adr//77ClNdemrLrsIglIAKnH7bWuw7MEH8NXr5qOiNo2axrGYfdo5CkkLjDE4gKOFKmEopVdIhGYt5ADZp6TDw1JMjqAnmZqu9foQJgqH61HAUCjB8HoYKMaIoA6YHBLsMVjaMBIZ5IeH0JhIYP4pYwH0qcwTMDlgAajUhvFdWgZPWSgLqxmEegweG8QLD/wa6Mvj3A++Bw0zxwOyDdLv0oPstP4MSi5PshEzGNEzuzJOaPT541xUhohtVASXlpIwqrBl3Roc2rkfS6Y2IOf7MCFQU2liT2cfWn0P7/viJ3HGxWcD/kuQsm/EIF1lbCEaMJjLoLXHRclhtB/Jod40IYRy47EMgXTahHB85F1fgSE+I2kYSJgGKtMGBh0Xq/f14/kDfe7a3b0DQ7nSLk/yUwBWg+ydZrpyWGEKPfhGwzk42a7XDDjpe0hUN/jMuKV3MHf6M8++cNUlF54rUskEDrb24JHVbf3L1/f3T7jpjklXvP0qs3bie5GsaFCLleHbU8g9VKTdhE5aFXqeJEDCVIFH1SDOx1w+Hd3rBLCKeB3oZXxGxyNy2etXRVbP4tgQO+yDLICa4XmTcfjAnZg00cT8+QVI96DajqdyoxJlptEL4ixIVMFILEZ+qBKtG5ahY/16pBsmY9HHr0HDuGqw16J7s5Iu1fSiLnu6tDRjnudBtvRjIBHFkFCKKcqMJDKr8t4wx+PwgU7c8z8PYoxlYWZzJZycRJE8tOUH4NRX4UOf+jCmz1sEv7RLZbbQMz2uapYERA1KDmNoOI+Sw3BzLoYTDNdjCCLYloAhCJ5kDJRc1Nk2qjMWiIGhQgkrX+7Bc3u73a2HB/fmit7zvsRSQKwBZB8JwcKQLJ0BSP/kFYJ9XSWlM9iDyadfcNQt5K9fu/KF+Vs2XjH53AvOwaZtbWgbrry/ZFQ8vceffsOnL/jo+IljmrUDpzI35HBz2UK00Rx3wQnES1NKlAeK7U7IgaUaFBPcENAoD6Hf9RwuHmwGKGDXh4faDVWzhBiHod4ucPsaXPWeK1DRUA2/eAAgC8KsASMJ9goA9wLcBzIYhjkOvpyI/RsPYcNjq0ByGEsuvRhTzjkdZBXhewe10ymBtdQfc04/ZJRaNIUIpBv70YN7Gof6RRmxgOKjDnb1qlEC0p+MjcvvRsfOTrzt0rlwCxId/UNwqwQmLJ6HhZddhPpJtfCdLWr/kWJVA0H7Ami5RNhKUYwk0raB2kob2byPgWEXhqE+xXDWhe9JjEklUJMxkfc8rNnTh+df7uVNHQN7Bwqlp8C4DzA2Kb1A3etLCf8PyBD5ffdwOPziSgawLmcn7rr/Jz/5QkUqaTy/Zu2R1sOHHhiTSWzvOXpkMDfQPd4e1xSVOaRnWyQBVk8yphJIKu9tVXLasZUSW5cpCrlTWc8FS+WGyTElsBP1X3SCvo3ewJZc+ffpeSN7qn8qszY2INnHtufvgJWqwawzPgDf2wwyaiGMSpCsAHzAF1lI2Q/DTIDMsWhrIez5zUq07t4JUTMFl//5uzB2Wga+exCyNKAzv1qdIc1ppFDw1YyG2eE6TrBmE3xmNwJ5gBF9aHzM4QEMCHsxhrt9DG7ch/efOQ31lTa2HOlA1axGnPWOqzDj1AUQdg5+sVWVyiSjIXropxdwQe0YVU1tamSLHjyPUZE2YFsCns8QBqE+k4BtCaw83IvHtnZh2xG3s6coH2UH9xKwmoGibdegVOrFH9v1+t1zTAuobii6ve03rVy9snpvX//pezu7b+vffWh1vdFdPXzAdTv3rwfmLtBlT2AwyKrRJxPgNIiLMV8wiuTwAj8CdhGRa9MAagAqxNxP6TVG3a9/NP4qnav+LINh1oiXa4ZpoaNlAx6/70Fc8f73wUpUQnIzSJroP3wId/3iMTQ3ZvCeT1wKsufAyQ3huUe3YeVTmzF3ZhMu+fB70TBtGtLpAXjOLjUwJ60QxiPVxoLM5aDcyCM+S4uv1/AI5kpc/i4yuyRRBc+vwqP33oqdh1txwbxmdBQGMXHJBCy++t0YN30GWLbBLw3qwNJATbgdrh8MZGsOpg0lyOQpQW4GnJIEmJCwtO+ElKjKWGj3HCx9sQePbekbPtpXfASZuvusKeNWl15e1zfrw5/Ay3fc/EcZbG8s4DwX9W4Rlc0TWnd0dX1509GnqvXUO9frg0t9QzufW/Hsgsveca2AqNTmHUHZIZTSLknAl8rUEBLElg5MqaUZRJksW6SzYeH4dZNXLivLsxr9VlQwVcLmYyhf/N93kakEqsc14MlfP4amTAHTp2VwrLMbuUEXO3d1YWVfFm+5+q3Y19KKe255Atm2HK79xDVYcvlZqK7vhvR2w3e0IyklNELrxIbTPAJR9GJzQjsWaF6MOMAnRHI5tgIWoJVkZDB4aB0efXAZ6itTsKY1Y8aZp2LyvFOQyDjw3W1aYkI77gRb+6Tl/SighBkgUsAQKAHfc+AUPRiCUJUx4bqMQkkBJrYt8PyeHty1tRP7u/It+SJ/HUbyyfM/+o6env1HePfLwMt33Iw/5usNeXwXnCIGskPwfK8IpVQa/iZLnpxSScW3XHbxGUambjoQrv+LEehf8AvzItN3AohtrQTGsf6upPq3kKh7PA+TTpDV6A2BI3iNGZ0Rk2FQ/QtLF8nKeixYcibGjq1DVSWjKmMjWTcTjXM+iuoGwmOPLsfyJ7bgyUc2YM7MSfj01z6GxRefhkSqE9Lp0PcgMDYkRFLtRuwBEzPi0FmXwr8n9P+XsbmhEXs4iJA1E+m+RP0zGRJ+vhczpkzA299/ORZech4ap0yAafUpVkvoXwDdn41YYiWleKa0OisBqgQZk9HS2o9f3fkAmq0czphcH/BoICVQkTSx/kgfVuzukr5V82ztmLHfzfYe7mtdvxE9+/biT+Ey//dn0gTI8iAL63cf7u9bv2n3mHfOuETP20q6MlKBpEzoperjoPq5sPGGjPazQpW3kp7ZkRrQwniVAfmrl5avvA/3WiEnwt6HYxlHukdRXdOEM966WPWbZCOBKoAETj1jPD751xdhaMDBGRfOw8KzzkIi40CW1qsNekrH7JO9cI5FiM/qlA8Ds6ePrBdb49HLrGSH945C6faIeB0f4Ef8G9X7SddBprkRZ71jvrq/sh3s5iCDTQaKSlXmuJCv0MYlNYqqRzYUl7YGQCWKThbZXD/SKQtJ04BlCMgiUHB8FEsS1ywYh1TCFPftodM7vbpzZ37yX5455XPvlY+dsuRPIuCM/3W8kdD9FYqe753bPH7M9PMuuBiWlYpQs0ARimKm9Xo1hNhST23ywRT4nhV1OZdHZByfx/EG8m80W/023xdf5oz28wikeJNyWEkdyC6wPAb4B5HM1GLReUtw5lumY9yUSgjRAVnShFlKxJZAEaGfZf1ptHmuENpiDH2MeyIEMoMc27gvf125XidipTFpY40BSL8fkLp8Dh1dzRGzSC/MukqLM6kzn6PVxZpARiOOtK7Bk/ffj/MaarFgag3yJQ++rz6HzwxLCCxsrkJj2q1x3OIC3rO+hR+++dDEpoxs7SyOBtzrOZCGlYSwUtIpFiYVC+7FS5achXHjJ+kgC9ZbZOy8MwJDRoYSq2EKzCoCD+uiXmcp6c3oHMqku08YUuaIidurZbXXk/EIKJtjqQMbSiGE5h3BYXcVo4ZzAA9C+t2QXh8gC+WmGqHIqqcfViM3s81IGVlrrigJBgozGcLPEd+JCEpgQ7+Wjvta+epOIB+hkeHQiCSFyIk28kFX5iYWymTstecb0RiQSGPXS8/g0XufwRkTmjCuLomiK+F6EgVHwpeMbNFHoejj/Nk1tLDZbO7tL5z+crfTs2vP4P6GioSXLXmjAfdaV7qiEk5+0ANAuezQVRMnTqg4Y8k5MA0LZZ5m8YBjDW+Tq8+1j/It78CW2AGQVQf5NcvJE4Ei9Iqv/N/0eRRA9RTzvuNAFNZXfacsjQgiW7/e1vdAqy2H6CLHXu/H7oWIASAn+skoFnjREnAcsaQR0vKRX7mlgRAKHwZKeTkR+z2w9oqrKM/4lFD9G9dCiEb4voVlTy/HprUbcPHcMai0THiS1cKqIJgGwRAEwyD05zxUmxYm1qcb8yX/zKGi19naV9g9oSolDQ8osBwNuFe6XKcIw07CMO1SoVCYmy9h7jnnno8xjfXRUzJMZyIqL+HrvsUAsYgsixF7DRdVwCGHSNiHXrF7e6VgoxOim/8bOCV2IGgkokjluo+hTVfwx0CkrOzHOI/x7tOP/T85AvKPXkMxXDYyT4FGNTGiDLViwWhHmY5ENDLQLq/MSrgn3HDQSCSpnl3/vRpANYjqQWYDssN53HfvnRhoP4qrF48DfIJTUto2maSWvdctuu8DedfH+Nok5o6rqs66/qK+YaftYH9uX0Mq4buuB2804F4ly9U0wRnuG4ZImL19A5dMmTUntfjUBTBFueeaelpq7wAK0DMNdkoBEkGZotdH9EFQB6t0nO3UG+vhfjdXXFEsBI6CbFdm/at0LJXtVUAWDmhVxfBrFMg3lFkESw1yiBGztPhniNihpLMbl5WXVIbiUlhO+mUPPVVOagyNEmWVBkGo7CZqlYEJ14NQA0K1+i/VA6IKJCpQzPVj6VO3I3tsAJfMHQPyVd9GICQsAT9cLCXUVliorbDBzGhIJzC2Klmb97zTTSH2ZX0+MKWxgtsHC390ASd+V2+0t6cNVqoCyXRqbX6od83jjzyE9vb2ciCAYj0BkbaztUPfbaUWbIM4MQJ+rgWoDqBqfSB+d6FDr2vH7vjviMqzkVsN+msMvQpjAlSlehyqQuQeFBuTlL1P3KgRml0jT9CrRmOKkFQdcxbi8L1GbkZ4sQzKMQDL1g/AwC5ar1FROoT9wY2AmASIyQCN09Ls2i8PFgYGe3HkaDuqa21UZExUpUxUZyyMqU2gKmWgOmWgJmVibI2NphobNRUGPJ+xvyuLnOPh4gVjps6aWvNFyxbNL7b2jY4FXu0aTwRhWHD97CEAj+/auuHcjRtW1U4c914YhhExKMiK/NBCe14boQsqBwBKzJubbBCqNEQdVKe/C52zV6N9xQNJln1HOQkYmpvIkWUUZASMcF73OlVKY5ISkLJD+7lJvYlt6ff2YqLtYgTSSCOQUxEuylK44T5i9y38mow9W2N2yhznXQb/XrTAyuxqkMTWfgoZkFGp3levXFG4+CqxY/chbNvdg3+5eirqKi20DbroHy6h03HQ7ws0pFNwfB9DpQISCQPChO90F5y2/lypxy95TfUp2ZNzKody7ngAx/B/Q5T94wg4AJB+oG+PpzuOdfzZLbf8/IozzzkfU8aNV6UWa0vcwJmToURwiBTAwFrCgUlRwcjWZGdPZUQ9MmCUYguer/ajRX0NvyF9S4qBDBSbv8VLs8CA0SvvU8OyMBkbcSgFahKNYFnSsZAEuBgrT2XM0IRfJdgo7PlC7/PYgyCatcXJaGLE4yXIxrHPzsUY4koo9zv3NUpp617UKDfRJBuu4+DAjrUYHMzjic09WLc338dZ/1jG9bK7+grFo3a1M7Ex6eVKnt81XCh5knOWiSNzzHy7dLKFIemVWnpy/tFep8tl7KpIJDjrOKMZ7jWbQsOG7zuHADywevW6Mx5+8qn6T//VX8M0tJtmQLzluAWjBQgDLA01b5PBoQ1MPRR8znCUCyiPdDB9pYDhsq8gJntXpgN5wtwXQfWE8o26yBlI6M/i6weAiPo5RCKrSq+kAV5Romv7I6idOg7J+hSkO1SWsSK4nrW8evk+X1TSUixQAwkFU68xiRGueVbsDsUpY7Z+gReVuOzFNjuCjfDA1MOIIbJCz+tsBAJF+9qP4Y5H1iJL1V3Ldxbv9bP9K6rT1rE5NUahK8fOMQvuEJFf8kw/n7c9uH4Jg9Zwm1vhAgfxp3L9zgPO90OS7UO5bP6qm395z7suvPTtYvGUcdGB5BjcHdKGTJAwlE4pAyR9sIg76AyDZU4DDoy4Dv/xMzWOSRlQzKZJhHbEFEo80GuMFrxYXggY+qYeacTBIM3U57jnmvJYI7IhZS22PHof5MB+jDl1PoAelCkixz53gD4qEMR/hdabYr9Cd8QcUoYBSaG2Sbys5GjNJkCF2Ys9uzT9i4RSYibSHuMYMW5Q/ajn+3j66Wewfde+QVHTcENl3ZgfN178gaG9P/oU1gV0VPRioGcv/tQv8X/ztgwi6gHL2w5sfbH31jvvRdaLr+JbsadlbPWETJBIAyKlibO6rEQGoAwEJXVZk1LUIlQqD+wT6uj7iC+NRvJ3Dghq3YdCG60TuarycaMEDhkdwWDeGQF86B6J4gN8AWFOwqHdG/DC44+hbsFpEBYgvUIUvIBWfXbDz8OvMApQD4+4gG4gM++X9Xh8ghFCmSEKa98+LqFcUt6FWkdytIxlA4gmAlyNcoed6L5k+wbxwsMPws3270Exe0+2/eDQ3h99CqPX7y3gAMMwQMBSJzv40GO/uMlfseL52C+bYxC6iFGJRDTDEkkQm4gsgG29IpJUqBnSGrG0ToDEcZjZVJnl6qe+jKF6ppIrYCcaS5R5k/MJoHhoqpXSXuHATiqkPRkRiALl202iFoyxWPfcKtiTmjHxtDmQbqfOhFYYMOXwvTrYPGIEQnpToLykDIjKVjh2oBHq1uqeJqPPR1Yss8bpd0bZkSCyQdQEQjMgagGRHpFd1bVx1Rps3ryp4PveE7Kvo0UOdI1G1u874JgErHRlAWT+7NihfTvvvOl7aDt6EAGRWUHmsbUbEloQJ0Y/4sBUUPd0lASQ1g4xI5/aNAJZZBBK2oQwTuANAAQjlsHUdjWF5ZwXTrZQBkD4+o8sg9k51J2MWyqr/xpmPdpbjmLv1r248KoLkUgKRVWj+KBconyp1lRE79A9KJjRBUTh2BglzJJBsAQrNTEuJMV/3XG74cDXXMQeGMH3B+OLSjWaEfaI8UVQcANPbNiI7my2D8AzYCn9UnE0sn7fAee7DiQLTlQ1bfOk+M6Ty1Ydu+WXdyJX0CYWFMDSI/bWSGgZPc3O4ApVzlAVgAb1xKU6ZSiiDwOQBiGt98SC0JKhpiTr7Bn3SiUoqQSmRExWL95TcUxwzy8r1Y73NAhKsUBxTBOFhQkIibVLl6NULGL8zIkg9MU2EILRRrApbcZ+Bj82U/NijBM3etiEJS1i8zMv9iDSGZ19vTjq6YedGytXZTQ3DDO6/v9hRWHFEMzyq6ezG9tf3CidQn4zgH1CmKNR9YcIOADwCoMoDXe6wqBHhoeGb37ozluKm1c9Fj7FVdDFvNPCJ70uK8lUcnywAU5r99E6EDWCRBNINIOoSRtfVMWGvSpzSdg62BADy+PInxjRH9ng0MxQZcE4uC5hhcFbXsJSiGyynq0pefQkStksjh3YiTPfeipq6mohvZzO1EmdXRJQRGH9tRDhhM50VmzUQCP63jiTH7FeLnh9fIdNxKrtkcN6MxrVhEGVBCET/bt84pHYzlWr0bprhwfgKYCGPa80GlV/qIADgHM/eR3ISGftusm/evngsWXXffcG7NqzPzoExAihSeYw61HY1+mjwUH/YagnL1UpBWJRpXUblfBQ1L9F2YrggeBC6EylAsnWWc/TGawU9noBlE4yCyGzChaPPQyC96Myh1GKebOpLWthZPDyrg7khgcx//RzYCcAZqEXN2v1g6NS/zzp2KE3o5JOE4SVcnNsHBEEHtmxEjDQsLRjPXGcFG3FGlJrhGYmR/0123rXLYD+aUTJrl7bO5zH7U8tRUtH+34Ay5XjiTEaVX/IgFv9P19E47zTUOo73FKC+e1nX9i08Stf/SY6Otqjg0UBnA4VgGQAIhEdCqF5lazdQTmpkcsagBr05kEfjtc8CRYyjVgQcgwJjO+Vke75HAguIOB8qoF7MPvyIeCrwGQZgisET3+dIAK/bhKAaMDOLYfQlfeQqWsG/FysNyLttVARzRw52P3jKHOFDyEvVobrXx1JoMx4BLEZ5chxgncC1FNv38cH4CgplJIAIANiU2VN9o8bvxxuOYzt27fB971ViYrqTjtVod9v9PqDBRwAdGx+Hol0Bmde8e7Vbqn0/5587MEdP/vRV5Ab6ETcLrd8cCw0M10z7EVC9WqcATgFkhmljsWVCMwyuEz7JEIaA7CEYwhbZJQsdLbTJRrr/oklJFWAqRKMCkRDZo6hgQEkb4BhQQaBBIYQCQwNVONoay/mLJyPuoYpkNLQROZUrCRMI6C2lQMbgSKXKO/FyoLJ0EFaHDHeGJmNJMrYIwz9fX5ZOapKy3SM4ZPQmwHBfl75cdm2fTtaD7UUYCVWNp96US5R2zgaUa+F3v++/iHfddG2dwcAtPge9x3YtXtJjchXn7LwbNipjN4QiAMpFGaXcGkzQDFFQvc/ppp1yT0g7oqVW3zcWubxnuLxgbNCLIk1U4NMEBfCz8LwNZDjgrikEE4aOfuTKvNJ5ZJjWuNw7IiPFUufx9kXvx0z554OllkQqaCjcHvajj5HsG1Nhv6v7nNDaN+KBc7I56WIzThtnf3iu3QxYChs4cywbA3NPZAGUUat3NB4QFSDjHQ5ogxCd/8Abvyfm7B+9aoXzVTyxoEj+7qTVXVwBntHo+oPneHiV1X9GDYS9kOtffkbvvbDOwZuufV2DOSKKNc51FC2PnhqHpRSvY5I654nEOCJ1k04Rl3i47wBZIzn78Zmb4GeY6BKJUGypOT94IB4GEIOgHhYI56WHjVAi7UyhCyAuBTO6YiHAcPEoX3bsHZbFo59qgZEMlFGowqFsJKtlzvrYlZWJ1pClbFyLQg8L9abGSfu1cKHjYgBLEY0Dgi94rRAkjbZhKiM5CBCknP04NqxZQO2b3hewjCerZw092i6YTwGW0eZJK91/d4x3KHeTgBwhGHd3N7XV/cf37/+s8OM5Kc/+deoqaqI+p/QLcYI/04IVnkCPqUJcAKMhCI7HyeNF6xgxoVQuRylZBfEjuoTg8MlhEZFSSkhCxGbL6aAEGjx1XtTQqOXnobQk2CPcKylFXVJwvjGhEYcq/TrSlAaLQHwYWmhICPWgwX3INaLkfYSICsCmsr61uDX6cTQTi+Sd2ALZZLtWjdUZUMtxUCGmrshFUOPDa2wrN69s6sHP//VPdi9a98BsHi2f/f6XKKyfjSa3owZDgDqmidD+u6gYZo/7D125Kc3/fA7uUfu/W+UCv2x3iZeVgVllhmRaympKWAumLPagpfDQKCQwRFktwCt9MDaIpkCJaw4zSwMXD/W54iwZ1PAihf2U8Sa20l6kM4eIBrhFMdisGsIZywci2mTa3U2qQahVvdwseFzqJKlkUiGfn9COWc0vgcXACcWyknJwZ+I2R9K6pFZzjgJl1AtKFHXChA1aO/2jCYeyLKRgJQS69atwZNPPOl7jCcFGZuIDDjDo6Xkm6qHi1+F7CBsMw3Pc3JExuahocHE9o0vLrC97sSseachma4BRlCXyv6QGevpsmC5U5nKa+EdofmGKOP5+2HZKriohXPUgWOikL1CoSVvSfVjZJbxmYmdGHhh6b5PCduCXYCLMOwGDPQauOu2FbAnXo7LrnwHBEqRY1A4uosdfNbKZBxXJ/NiPVyk58/sRpJ5wbZ2vBQPP7Af/Tusy9OwldUlqiZZk54JElWrchIZvQjs6XsFgBIYHOjFT3/4DaxZv2WrmUh/mwxxUBg2pD86f3vTBhwA+NKFYaRgmpxnYW7wi77z/Jotpx1tO5I6ZdHZqK+tOr7ZL6MlBVBIAiy7AXkQQEJ50JW9FnplxUAg1RDQvRTLxAgDmwKNlWCWxBwbEkOBKcSAMMFka487T5eZkZeCsCvQ3+firnvWoHbCebjsredDIBC+FbqETIBYb1kTFNLIwxFqSIj1XIT4Amk46iBDJzbtXkN6Py+wIS4rOyMv7zLVMI0KkwacgpKYYGoN0RyYh0EQ8KWFh++9Gd+/4db+fMG9Xnqlh+yKapRyA6OR9GYuKcOg8wsolVxItzQ4WCo+X9NY2bV8xW/wT5/7HF7a+fLreAcCRArCmAlQjRKYZV+XeTI2mNZQfSDaQ2kwJcNsKODprMex/ojAIo1IeFX3Uxw77CGQoKlZQRaBASkTkC7BEH4MgUzrbYi0ht8rtICqzq5kazmDihigYUalLtkRSwVpPYu0dckYWFfFCc+Gfr1mnQTMFo59JqQBVOp/x1egCRfBGAJTv34IDIGFQOe+53DLjf8t+wfzq0mIB0iYKA72jEbRyRJwVrIaDVPPJwCLTp037TP/+fUvTvn2f30Ng8d247Of+TQ2rntWr7GgDAQZ+SOQMQlkTA6BBY7J6gRiqsTRYeSAaxn2aLHZFUejCYprSLKvykkwIF2QX1AmHCxBnAfJnC4pfUAwOJ+D211AT7EIpbVohMgqURIkEiCh6V0c6FUm1cwLWmMkyFplWZtiKls6uLigSlEuRQ8EjrRJ1N6eLiODErUs+3lgLmrDyJIOsqwub4sgUQPPyeFXP/tvbNx5tFMy/YQld7IcHXKfNCVlMp3BxMlTqG3/piX19XXf+cynP/H2D3/0761Fi5Zg0fyp2P3SC3jgnrtRKBYwc/Y0JFNVeEXlLb15zHwYhEIIFrCWWSAwmAjEkTFkBDgE72FEXyNDScSxo+NQZRemhCrpguVTDrRLolUjhoSwJyLXI/HUPevQXXsK3nrphahLWbF/N9qQCCvHsG/TxGmKtP1DZDHOCqH4Dltsp42MGNASDMlj60cUs2+mQIYiH3v2ao+DAA2mJIQ5GWufewDfuv4ev62neBfIuNk0LVdKfzSCToaASyQScIoF9Pd0zU7WNH73gx/9+CX/8Pf/KGpqKkEoYtzEmbjgwvNhJUw888g9aNmxChUVGTSPnwwhrFf4MdJKbpy7QJDaCYAh4OvAM5SVkgYbOOznZEzROA4oBP2cFWUZouMsIdWbBDLuqg8URhXYr8LmtVuxeyiDKy+7BONqKsqRxDDogt4yQBK1fzpMfegD2T1Pi+aaoX9eyFAJ6HBBSRwO0BELMD1OCPz4whWp4MERZ7UE2T0JYc1E677t+MY3vo9VLx5Zz2z8u5k0jvmejNHMRq83dcD5EgC4FomKL5/5zmuv+eqXv2TMGN+oJMFRAsNBpqoWCxYtxHnnzUZ2sBXrn7wPuYFuNEyajXS6MlZiavCEEqonkv2AbANJX0k2xMpRReWyNFKpy0kywl6Ptew3xQflRCFiqMpSf8RBi/V2rNZnhJGC6yexauVL2HvYxdVXXIrxzY0x9HBEpmMlxhpwRaNxohGzCtYmG+GeXEBwjnMoOUIrA+5kMLcLZMxZxgjj/ojviVHfRArCmoOBjj5875v/gTsf2dNW4syXkiK/xkeKpTe68/bbXL/3wXdlVRWK+VzKleZfzzn7gg999d++aC6a3Kxh8WAY7YPdHlhGF6bMrsXYyX+Jrrfswe6Nq9Bz6FnU1X0w2pkLA8+AELPARg5StoPlEZAkwEgBHOywaQ4kO4B0lNYIBbLjEkSmFu/RA2AZR/y8VylpKUI1mQE2YRj1yKQr0D8whN6hbDnQEw86EIj09oJhgqQBZlbZLHKq1L2dq0V9AtedoF9TkgihMlroC675kcyxmVspWvIlPe8LGCwxvqQwx2Cgsxc3fPvbuOn23wwXOfXDmilzlpWGuqTf1TIaOSdLwBXyOUjGFVVjxn3+bz/1yYrL5k+LyrkAyuaSynTsQpZaYVIfxs+uwNiZl8NzKyC9dhjm2JjdbWx51VwAQQZ89wmwPAiSrmahiDINR4iAncK63NR9FGvFLBIgIxllD475I3CQFXRWcRnsMSipyj8p80immjF94iT0da3C83uO4cJzgYwxUuwo2non8vWIQQsdsQUgB1AeREkNYOSj+RxK2nlU95ghgupq4rGIihiKLaHGBYQ4yN5B8A0DSMCw5sPJT8AdP/oafvg/zxSGHNxq2v6vBvavL4yZNh35UQWFkyPgyLDgM04Rgv7xsms+MOY973wbBEGje6rxZ5kHeAiMSKGLuR+ydBDCsGHZSUB2gr3TQMYcPaSlMgCFzEUQlIT0VoD9lxXSFgy+2ddZK2L8kyxGWUojb0SGonuxjBw/WR633aLOtNDfrmXxZD9E+hCmTq/AOPShu+UAiqUSMin7BEiriPRESCmXgYWSCpQmOCAjQ+m7EHlgHtYZmbSzkGblsFM2f4wAl2Bm50UIJQVupoGchRKzFeZkeMWZePSO2/HjXzya73f4F4Dxba/kdQNA58EDo1FzMgRcpq4Jhmk1Dfd0/PPC868491//7mM0tiJgyrtgLmm/sj6ABvThyesDmtRScx4ghwFsVyUjd0OY54BE/XHzOWHMBqESkraA5TZAHgVQCLdT1Kv8mNyAHT3pg95GulHZhtgQPMx4QcwwYAiN0geHuB8NEzMY25xE6+F9GB7OoT5lH9d7lo0kQvunALjxQBxscSfCkluJKFn6wVTUhicxwnOQuQOtTI7JmsdXdAKyOCu+qWHNQKE/hXt//h1c94P73YOdzv0Q5nUA2jE6AnjzgyZ1TRPw1ds2Yvl9/w23kKt2csOfaThl8cf/7ZvfTF9x1qkwKH4AXDDawTgAcBeAIYD1LIizWqQnrixVAHM3gCGQ1BLhZdobBBKVEDQeJMaBRA3UFoGr7Y4DnRMBCFtTvAw9EogDEgZYJPQ6jtAkZ0L5ZjNFfZJGOUnYsM3x2LrpIJ7b2oNLr7wS05rrcWIHn3ipGahwBV9n7SwUZ9wk1OflnJqXIWCrCByv0UlRYMVEk0JuKqsHjGHPgNNTgZ9/++e47scP+4d6i/cTGV8j4PDoUulJEnCF3BBWPPIr07LseUT46uyFi//qS1/+avUHrnwLUpaBQEpODVvbwXIPWLYA3KP7iaC8LKBcIVkfGpTAfAws94PlURDyIKHlCnQmYpiQsgbEkyCMOTCscTBMAOgDswSLpJ6tKV6hYuy7IOkCRsAgcSOF5RARjK2sUBwL0XQsWUKqegwK7X149qn1qJmxEGefNh+WIV4hu9GIMpMRiRLpGaKIB5KrwZIsypdPRYwWFsn+RY4+Adgkw505w5qKbE8lbrr+Znzn5mVu25B7M8j4Bki0jAbbSVBSXvS5j6CULdDamx+sJzv1nllz5/792664dPY173qnffqieTCNYHtaCZGy3w/ml8HygD5E0IetFBM4HYkQRuLjJFwYdg9YCjh5H/lCLXK9B5Hr6URbZw6H9ziozdmYclojGhclkEwlka4+E5bdAdPIAmYa7DmA76qDDUeViSRCACdSjfbLNUAgwK4PeDIETQAbkgsQBnDRlZfjzPt34rlH7senr70S6THNKPcNECf82RTrwykLImJD+TCwlkEIVagDVomuAJhHlK6e/rgi6kd10AlrNgZ607jxWz/Fj3663O125c9B5jfB3rHyscro9aYMOEuY2Pij20Repk8fO2vhv5x13nlv/9QnP56+dPFcmKYm/wazqxCYyIHdHlVChtr2Tsx/YESQEQFCwDBSIJFGfqgSva0l7NmyFju33Cd37ekdajl0NDswUPCPDDAP5VmmGVRXbdO4qbXG2NrK1FmLJlWNGS/s5jEGZs6fi3RdNZIZCctkGEYlDMvR+V8hgoqCZaj9OIaidemlVTYTYGmATKG2o41KgE24+Wb0l3x4mUrs3fQC1q1ehqv/7IMQQuCVhHniZh4ESykocwFMBb0WVNAPqoIGTMq991TgBSBJAKaUYn2oGgWQSEPYM9HXnsSN1/8Y3/3ZCjfHibuE6X+LhHFMugQe3QD43QOH/0fved6YWYuv/9vP/MOSf/ro+1CdSZ8A2iMM9nXgyMvPYOyEPtSNNeB73frpHEi8OarnYvX0JsOEMJIQZhrwK9BzLIuXt+zGiucO4sUtHaUtOzoPHOnLvcjAOpPEYZMSTkF6EuQ7EEKQSFtomG1juGNsg9O2oCpJMy3bbj53QWNzw+SqTM2YmmR9hZWsqa1BfX0KmQYfhkEg04JtCRgGo6K6Cul0LSwh4KMI9j0YVhMAG57rolDoR0/vIAaOEXZs24flqw5i5aZ2DAwXsPiCC/HTn/wEZy2Yi7gd8IiaFIHmJHMJkAMaSBrWgaMyMHOP2pLAsL4/AuVec8HIIaFnbwHFS4KMsRDGZBzYcRg/+/FduOn29cWCyDxQNX7K16Xn7us/vHs0Mk6igFvYMH7KDz71hS9d8vmPfwQ16eRxL5BSYtOGVVj1zH1o4Jdx0Z8twORFE+AVu8FwNM1JqDkTAcJIg4wUBJnI9wzj0K5+bN/WhefWHOD1Gw937GsrbM87ch1gLxPIvSThZTNmJXLe8HH/9ic+9V7cfNP9eMcFc8wDrZ01B44NTqgUcqrrclUJ1DitMnFKZUP1WKRTKdssCAPSdiVVW+AqEkg1N1UnpzXV2A1GxswZLoRkN5FIS9diP1soFju6B3L7j/YNDeasgfaO/t6OgWwfkSgJOzXBtK2LLrv0iorvXf8dzJo2CeUCP2JEwBUBWQDzMBgDAPo1GqmyP8tOMPeoWR2XEEnCR4460axPhMQCYTWAvbFY8eha3HDD/Vi6vrOj5Pu3JtKZWwC0FHNDo1FxEgVcNYCvvPv9H/mnH3zvu2LyuKYTvujokUP4p09+BAvn1uBTn/4b1DYdgmEcgQzZJj4ICQizGSSaAMHoPdKG3zzxIpYt3SX3HMx1dPS6L7b05TY4BX8zKmr3WFWpo0Qoldpe/q0+uA0bJbCos0W1kamq7i9aCa/QS4BjQYmRVAKoygAVsyqTyUl2OpVPSRI+5SF9L2d7Xk/WyR4a8AeKLLIwG4cheAilvhwJeFXjpzZ4nvd+kR/858/84+fqv/Sv/4xMKjliRBCTS+AimPOAXwB4ECyGYmwcR/NG+2IZLuj1IvVp9fVgkbUKRuI0OEM5PHTbvfivHz6JHS35rTJZ85+GLD4F6WV9d5SudVL0cEKYakYGzLDqmt82/7y3iLFjo2BjlsgVHGzdtQ9r12/Ai88/CLN4GB//u39D0+R6+O4aSJkLAQRhNIKM6SjmTezduhPPPbOeV67Z6760o721syv/UAGJJ2A17UfdpB58/z4HN34e7vbH/1c/Q0kJA8m+EvpR6u4/0Wtu+PcrYSdMbF57mPLZghgLE1WTq2RVczOc3jwTEb5xyzJ1yL3O6OeXQO7IvuHGUxb/dHiwq/7WO+/+3LjTz6VPXP0WLTnrj8hyet4GPfjmpO55vbCsVJqWec020UBPWKIKVT6SCyAFIWaBjFPRc/Bl3PrDn+Knd6/0DvcWnxNW+pvJVGqNX/R918mORsPJEnAsLIhErZCF7lnTpk+feuE5Z8ImQEpGX18f1q7bgAceeqj03PMv5Pq7Oy3p5jPf++r7qWnSqWBvBZjzEGYlhFEF6ZnIDprYvmYtbrv9N96z61sGe/tzm3MFudST8kkQHUbV1DzcLKNzG/C3p/zebtZn/uPpeCP6hnZTPvuxL+KnD/6q0pGY1pBOgw1b+4qeSEtSjSAUb9IDhA2SelYZ7MuFMzQ3hlB6saxmgkQjhDUPTmEyNj39DK77r+vlqi1Hjw47/EthZX4h3dzhYr/LUYYcvU6KgLMbxkFIXxQsq3Li5BmJmWPqUHJdPLtiJX75q9uHn1u3ae/Q0X2rSiXnGQCzM6nUvzZPOmuMECkIUQN4U1HISuQHcmjf15r/9X2r8/c9vm/gYE9xg+fLuwGsAawhwPLADAzuObnucrIW3/v1bU3pusZvnHna6W//z6/+G51//tmxmx8fDYwQcA0gfJECpAXiIpjyKJ+7UaRcDYBEPYR5GsiYh67WNtzx86/jZ7c9PXzgSN8Kz+cfGaa9avElV5b2bV6Lge5jo1FwsgWcYScg3AKQzLCdTqBUyuKu+17At677r5f37tnxK2qcdA+XnEP6lGwU6dp3yMppYyRn0HusFtvW7UHv0fZW5AbXt+/r2rZ25dHWIz3+HrardlY2zsgNt25B+SLlSXYV+zNN0876p4uuvuZ9n/3wNfZZc2fEuJcjxwKxYIv/lT2AilDzt4KifSEQP9Ie6FQHYUwGjFkY7k9g6+Zncduttxbve3rTrqHUxF9b45p+gSO7On3PwZZnn4RXtk0/ep00ASeH+5E+9WteduXn9hf2rW156Mbrxvx6xY51e3dt+z7Az3BnS0hXEJnaHmmIp9btO3x2umZj5vFf/bi4dcvGFRXp6p+dN0s+9++/3D504yfm4tmbdwMFB8Otm07amzt1zly07N4FGOmrLr7ssr+87rOfSE9tqkO5P7kCOJil6r7C+IuRqbkARh9AWagZnKK6UdDLsQAZ4yCsBSgVarBy2Uo888RDhbUbNm3bvKv7yWL97MfScxZt87vbfRzZBQCjwXayo5QVFQlki1xxxljrggrXq9/R4WzqAfadqNexq+rGTTnvys/UZ5KLdyx/ctVw1r8DXvdBfOhB4M5r/nhubvV48ODgxNOvuvIn1331S++8dMliiDBzlSss+6z4mIYQuhdzFFLp94L5IBj9Wh7dU/M5KPUwISYCNAHsVmDfngN48sHbS089t3r1ui37Hx4uJlcYNTP3spd15OCoKvIfVcC98To0XQW7pg5msgeELIYO/nHd2WQlDAj4xeFr//5fvvTjr3zxc2Oa6uuAETbCAf7CZaRltTkB6ULyAUDuBrPUXnF6NGDUgcREMCpweF8LP3b3A96mjVs2HNy/985NB/NLZcPsI5B+ye3aM3rK/9hKyt/q8vNDKOT/aKesiaoaGIXhdL5q6hKracKYRLoiFmCG2rMFQ5CIhV9sIRQGGA7ANoAMiAIfgRTIqoCb97F301IsX/ait3zttj3bd3XdNtyfv9+SODq1qtLd07Fz9HSPBtyfzjVt1gIUh4dqG2bOmbbo1FOR1rtwzAJD2Sx27tmP4YKDJYsXoKYiDUCC2YdkX5WVlAAZltoC536ABsGchjCHkevfh7tufAo/vmVVX0tX/iGW3g/yTvUeYLYP9KKrbxR5HA24P7FrYmMTBhPpxFlTx6cWj62BBaDkeli3aTOeXP5C/vkVvznSPThY/63vf6vhPRedpzTEiCF0diu5EsXhdlRkJMhsAnMSwqiF63m467Zn8J/fe6716KDxXU5mfmnOfU8WW34OYGD0xr/Jr1F/2P+jq27SDBSLhaqCaV9Z3dg0K21beOihx/xvf/f6l59a9uztxZL73SM7NjhuuvbU888926pOJRUoQgJ79x/CbXfcjfvvvAH+0A7MmLsEhj0dhWIt7vn1anzvJ/cfOHi042uputQvqpuqi9ldK0Zv+Oj1p32NPfU8TDvzwnRm9hmfn3H+2w5e9d6/3DFz/uk3GpZ9Ye2Y8RmRrAaszHlTTr1g77rtu1ky89H2Lv7ZnQ/wpe98H1fWNm8HzEfPnDd+aOOqu5lZ8sP33s2zZy04AND7R6uTk/Oi0Vvwf1g+pKrBvlvPXmk6S68EoBVAPwBG/VRAcmpCfdV3vv6Nr3w8mUgkHnvs6exvNmza1tl2ZKko5Z/yzcru6hT9xV9de8bfve3C+Q233/3CljsffuE6D3gSwOiy2mjAjV5v5GqcOg+2bc+cM/uUf8jlc/VtLS1PtR5oWdk4eXJ316EdeaKVsCd8uvpdC/2zTpuaGL9x18Dmh1Yc3IXImHv0Osmu/w/1wFAR2P0QEQAAACV0RVh0ZGF0ZTpjcmVhdGUAMjAyMi0wOS0xOVQwMDowMTowMCswMDowMEmQnAwAAAAldEVYdGRhdGU6bW9kaWZ5ADIwMjItMDktMTlUMDA6MDE6MDArMDA6MDA4zSSwAAAAAElFTkSuQmCC','M',1,'싸순이',0,'2023-05-04 05:04:39','2023-05-04 05:04:39');
/*!40000 ALTER TABLE `user` ENABLE KEYS */;
UNLOCK TABLES;
/*!40103 SET TIME_ZONE=@OLD_TIME_ZONE */;

/*!40101 SET SQL_MODE=@OLD_SQL_MODE */;
/*!40014 SET FOREIGN_KEY_CHECKS=@OLD_FOREIGN_KEY_CHECKS */;
/*!40014 SET UNIQUE_CHECKS=@OLD_UNIQUE_CHECKS */;
/*!40101 SET CHARACTER_SET_CLIENT=@OLD_CHARACTER_SET_CLIENT */;
/*!40101 SET CHARACTER_SET_RESULTS=@OLD_CHARACTER_SET_RESULTS */;
/*!40101 SET COLLATION_CONNECTION=@OLD_COLLATION_CONNECTION */;
/*!40111 SET SQL_NOTES=@OLD_SQL_NOTES */;

-- Dump completed on 2023-05-25  9:02:35
